排名,CPU型号,CPU核心数,单核得分,多核得分,多核线程数
1,AMD Ryzen 9 7950X3D 16-Core Processor,1,7019,106351,32
2,AMD Ryzen 9 7950X3D 16-Core Processor,1,7016,106417,32
3,AMD Ryzen 9 7950X3D 16-Core Processor,1,6925,106019,32
4,AMD Ryzen 9 7950X3D 16-Core Processor,1,6905,105999,32
5,AMD Ryzen 9 7950X3D 16-Core Processor,1,6833,106271,32
6,AMD Ryzen 9 7950X3D 16-Core Processor,1,6830,104678,32
7,AMD Ryzen 9 7950X3D 16-Core Processor,1,6809,104122,32
8,AMD Ryzen 9 7950X3D 16-Core Processor,2,6798,12591,2
9,AMD Ryzen 9 7950X3D 16-Core Processor,1,6795,104391,32
10,AMD Ryzen 9 7950X3D 16-Core Processor,1,6772,104555,32
11,AMD Ryzen 9 7950X3D 16-Core Processor,2,6757,12410,2
12,AMD Ryzen 9 7950X3D 16-Core Processor,2,6744,12676,2
13,AMD Ryzen 9 7950X3D 16-Core Processor,1,6727,105498,32
14,AMD Ryzen 9 7950X3D 16-Core Processor,1,6719,103848,32
15,AMD Ryzen 9 7950X3D 16-Core Processor,2,6708,12468,2
16,AMD Ryzen 9 7950X3D 16-Core Processor,1,6694,105496,32
17,AMD Ryzen 9 7950X3D 16-Core Processor,2,6671,12730,2
18,AMD Ryzen 9 7950X3D 16-Core Processor,2,6619,12660,2
19,AMD Ryzen 9 7950X3D 16-Core Processor,2,6612,12699,2
20,AMD Ryzen 9 7950X3D 16-Core Processor,32,6592,105549,32
21,AMD Ryzen 9 7950X3D 16-Core Processor,1,6585,103761,32
22,AMD Ryzen 9 7950X3D 16-Core Processor,2,6545,12400,2
23,AMD Ryzen 9 7950X3D 16-Core Processor,2,6516,12694,2
24,AMD Ryzen 9 7950X3D 16-Core Processor,4,6514,25105,4
25,AMD Ryzen 9 7950X3D 16-Core Processor,1,6511,103938,32
26,AMD Ryzen 9 7950X3D 16-Core Processor,4,6508,24917,4
27,AMD Ryzen 9 7950X3D 16-Core Processor,4,6508,23563,4
28,AMD Ryzen 9 7950X3D 16-Core Processor,2,6498,12566,2
29,AMD Ryzen 9 7950X3D 16-Core Processor,2,6495,12476,2
30,AMD Ryzen 9 7950X3D 16-Core Processor,3,6481,19098,3
31,AMD Ryzen 9 7950X3D 16-Core Processor,1,6479,103838,32
32,AMD Ryzen 9 7950X3D 16-Core Processor,2,6478,12738,2
33,AMD Ryzen 9 7950X3D 16-Core Processor,2,6474,12569,2
34,AMD Ryzen 9 7950X3D 16-Core Processor,2,6472,12675,2
35,AMD Ryzen 9 7950X3D 16-Core Processor,2,6471,12566,2
36,AMD Ryzen 9 7950X3D 16-Core Processor,2,6465,12654,2
37,AMD Ryzen 9 7950X3D 16-Core Processor,1,6461,106085,32
38,AMD Ryzen 9 7950X3D 16-Core Processor,1,6457,105576,32
39,AMD Ryzen 9 7950X3D 16-Core Processor,2,6451,12030,2
40,AMD Ryzen 9 7950X3D 16-Core Processor,4,6450,25347,4
41,AMD Ryzen 9 7950X3D 16-Core Processor,8,6443,49514,8
42,AMD Ryzen 9 7950X3D 16-Core Processor,2,6442,12569,2
43,AMD Ryzen 9 7950X3D 16-Core Processor,2,6440,12380,2
44,AMD Ryzen 9 7950X3D 16-Core Processor,2,6432,12396,2
45,AMD Ryzen 9 7950X3D 16-Core Processor,4,6431,24715,4
46,AMD Ryzen 9 7950X3D 16-Core Processor,2,6426,12472,2
47,AMD Ryzen 9 7950X3D 16-Core Processor,2,6425,12485,2
48,AMD Ryzen 9 7950X3D 16-Core Processor,2,6425,12538,2
49,AMD Ryzen 9 7950X3D 16-Core Processor,6,6424,37518,6
50,AMD Ryzen 9 7950X3D 16-Core Processor,4,6422,24625,4
51,AMD Ryzen 9 7950X3D 16-Core Processor,2,6421,12773,2
52,AMD Ryzen 9 7950X3D 16-Core Processor,2,6414,12174,2
53,AMD Ryzen 9 7950X3D 16-Core Processor,2,6411,12372,2
54,AMD Ryzen 9 7950X3D 16-Core Processor,4,6410,24938,4
55,AMD Ryzen 9 7950X3D 16-Core Processor,32,6408,103697,32
56,AMD Ryzen 9 7950X3D 16-Core Processor,1,6408,104098,32
57,AMD Ryzen 9 7950X3D 16-Core Processor,2,6408,12417,2
58,AMD Ryzen 9 7950X3D 16-Core Processor,2,6404,12364,2
59,AMD Ryzen 9 7950X3D 16-Core Processor,3,6404,19145,3
60,AMD Ryzen 9 7950X3D 16-Core Processor,2,6403,12411,2
61,AMD Ryzen 9 7950X3D 16-Core Processor,2,6401,12399,2
62,AMD Ryzen 9 7950X3D 16-Core Processor,2,6398,12323,2
63,AMD Ryzen 9 7950X3D 16-Core Processor,2,6396,12712,2
64,AMD Ryzen 9 7950X3D 16-Core Processor,2,6395,12522,2
65,AMD Ryzen 9 7950X3D 16-Core Processor,1,6394,104112,32
66,AMD Ryzen 9 7950X3D 16-Core Processor,2,6388,12536,2
67,AMD Ryzen 9 7950X3D 16-Core Processor,2,6387,12779,2
68,AMD Ryzen 9 7950X3D 16-Core Processor,2,6387,12302,2
69,AMD Ryzen 9 7950X3D 16-Core Processor,2,6384,12380,2
70,AMD Ryzen 9 7950X3D 16-Core Processor,2,6382,12623,2
71,AMD Ryzen 9 7950X3D 16-Core Processor,1,6381,103009,32
72,AMD Ryzen 9 7950X3D 16-Core Processor,2,6380,12536,2
73,AMD Ryzen 9 7950X3D 16-Core Processor,2,6379,12514,2
74,AMD Ryzen 9 7950X3D 16-Core Processor,2,6374,12752,2
75,AMD Ryzen 9 7950X3D 16-Core Processor,2,6372,12438,2
76,AMD Ryzen 9 7950X3D 16-Core Processor,1,6370,105350,32
77,AMD Ryzen 9 7950X3D 16-Core Processor,2,6369,12561,2
78,AMD Ryzen 9 7950X3D 16-Core Processor,2,6367,12539,2
79,AMD Ryzen 9 7950X3D 16-Core Processor,2,6363,12456,2
80,AMD Ryzen 9 7950X3D 16-Core Processor,2,6361,12121,2
81,AMD Ryzen 9 7950X3D 16-Core Processor,2,6354,12723,2
82,AMD Ryzen 9 7950X3D 16-Core Processor,6,6354,37212,6
83,AMD Ryzen 9 7950X3D 16-Core Processor,2,6352,12513,2
84,AMD Ryzen 9 7950X3D 16-Core Processor,2,6349,12472,2
85,AMD Ryzen 9 7950X3D 16-Core Processor,2,6347,12609,2
86,AMD Ryzen 9 7950X3D 16-Core Processor,2,6345,12457,2
87,AMD Ryzen 9 7950X3D 16-Core Processor,8,6339,48262,8
88,AMD Ryzen 9 7950X3D 16-Core Processor,2,6339,12838,2
89,AMD Ryzen 9 7950X3D 16-Core Processor,2,6334,12548,2
90,AMD Ryzen 9 7950X3D 16-Core Processor,2,6332,12506,2
91,AMD Ryzen 9 7950X3D 16-Core Processor,2,6331,12618,2
92,AMD Ryzen 9 7950X3D 16-Core Processor,4,6329,23484,4
93,AMD Ryzen 9 7950X3D 16-Core Processor,8,6328,48584,8
94,AMD Ryzen 9 7950X3D 16-Core Processor,2,6327,12590,2
95,AMD Ryzen 9 7950X3D 16-Core Processor,2,6326,12353,2
96,AMD Ryzen 9 7950X3D 16-Core Processor,2,6326,12591,2
97,AMD Ryzen 9 7950X3D 16-Core Processor,2,6321,11927,2
98,AMD Ryzen 9 7950X3D 16-Core Processor,4,6321,24713,4
99,AMD Ryzen 9 7950X3D 16-Core Processor,2,6319,12466,2
100,AMD Ryzen 9 7950X3D 16-Core Processor,2,6317,12650,2
101,AMD Ryzen 9 7950X3D 16-Core Processor,2,6316,12325,2
102,AMD Ryzen 9 7950X3D 16-Core Processor,2,6314,12409,2
103,AMD Ryzen 9 7950X3D 16-Core Processor,4,6314,25050,4
104,AMD Ryzen 9 7950X3D 16-Core Processor,2,6314,12363,2
105,AMD Ryzen 9 7950X3D 16-Core Processor,8,6313,48528,8
106,AMD Ryzen 9 7950X3D 16-Core Processor,2,6313,12414,2
107,AMD Ryzen 9 7950X3D 16-Core Processor,1,6312,103953,32
108,AMD Ryzen 9 7950X3D 16-Core Processor,2,6311,12547,2
109,AMD Ryzen 9 7950X3D 16-Core Processor,2,6310,12392,2
110,AMD Ryzen 9 7950X3D 16-Core Processor,2,6310,12350,2
111,AMD Ryzen 9 7950X3D 16-Core Processor,1,6308,103811,32
112,AMD Ryzen 9 7950X3D 16-Core Processor,2,6308,12407,2
113,AMD Ryzen 9 7950X3D 16-Core Processor,2,6306,12454,2
114,AMD Ryzen 9 7950X3D 16-Core Processor,2,6303,12188,2
115,AMD Ryzen 9 7950X3D 16-Core Processor,2,6302,12635,2
116,AMD Ryzen 9 7950X3D 16-Core Processor,2,6302,12416,2
117,AMD Ryzen 9 7950X3D 16-Core Processor,2,6300,12544,2
118,AMD Ryzen 9 7950X3D 16-Core Processor,4,6297,24596,4
119,AMD Ryzen 9 7950X3D 16-Core Processor,2,6297,12139,2
120,AMD Ryzen 9 7950X3D 16-Core Processor,1,6297,106299,32
121,AMD Ryzen 9 7950X3D 16-Core Processor,1,6292,102072,32
122,AMD Ryzen 9 7950X3D 16-Core Processor,2,6291,12578,2
123,AMD Ryzen 9 7950X3D 16-Core Processor,2,6290,12253,2
124,AMD Ryzen 9 7950X3D 16-Core Processor,2,6288,12238,2
125,AMD Ryzen 9 7950X3D 16-Core Processor,2,6287,12397,2
126,AMD Ryzen 9 7950X3D 16-Core Processor,2,6285,12606,2
127,AMD Ryzen 9 7950X3D 16-Core Processor,2,6285,12167,2
128,AMD Ryzen 9 7950X3D 16-Core Processor,2,6285,12403,2
129,AMD Ryzen 9 7950X3D 16-Core Processor,2,6284,12460,2
130,AMD Ryzen 9 7950X3D 16-Core Processor,2,6282,12344,2
131,AMD Ryzen 9 7950X3D 16-Core Processor,2,6282,12008,2
132,AMD Ryzen 9 7950X3D 16-Core Processor,2,6282,12374,2
133,AMD Ryzen 9 7950X3D 16-Core Processor,2,6278,12373,2
134,AMD Ryzen 9 7950X3D 16-Core Processor,2,6278,12236,2
135,AMD Ryzen 9 7950X3D 16-Core Processor,2,6276,12367,2
136,AMD Ryzen 9 7950X3D 16-Core Processor,2,6275,12445,2
137,AMD Ryzen 9 7950X3D 16-Core Processor,2,6274,12451,2
138,AMD Ryzen 9 7950X3D 16-Core Processor,1,6274,104516,32
139,AMD Ryzen 9 7950X3D 16-Core Processor,2,6273,12072,2
140,AMD Ryzen 9 7950X3D 16-Core Processor,3,6273,18492,3
141,AMD Ryzen 9 7950X3D 16-Core Processor,2,6271,12167,2
142,AMD Ryzen 9 7950X3D 16-Core Processor,4,6269,24166,4
143,AMD Ryzen 9 7950X3D 16-Core Processor,2,6269,12272,2
144,AMD Ryzen 9 7950X3D 16-Core Processor,2,6268,12346,2
145,AMD Ryzen 9 7950X3D 16-Core Processor,1,6267,100662,32
146,AMD Ryzen 9 7950X3D 16-Core Processor,1,6265,105614,32
147,AMD Ryzen 9 7950X3D 16-Core Processor,2,6264,12151,2
148,AMD Ryzen 9 7950X3D 16-Core Processor,4,6259,23539,4
149,AMD Ryzen 9 7950X3D 16-Core Processor,2,6256,12353,2
150,AMD Ryzen 9 7950X3D 16-Core Processor,1,6256,102563,32
151,AMD Ryzen 9 7950X3D 16-Core Processor,2,6255,12629,2
152,AMD Ryzen 9 7950X3D 16-Core Processor,2,6254,12373,2
153,AMD Ryzen 9 7950X3D 16-Core Processor,2,6253,12345,2
154,AMD Ryzen 9 7950X3D 16-Core Processor,2,6253,12596,2
155,AMD Ryzen 9 7950X3D 16-Core Processor,8,6251,47859,8
156,AMD Ryzen 9 7950X3D 16-Core Processor,2,6250,12267,2
157,AMD Ryzen 9 7950X3D 16-Core Processor,2,6250,12219,2
158,AMD Ryzen 9 7950X3D 16-Core Processor,6,6249,35459,6
159,AMD Ryzen 9 7950X3D 16-Core Processor,2,6249,12253,2
160,AMD Ryzen 9 7950X3D 16-Core Processor,2,6248,11958,2
161,AMD Ryzen 9 7950X3D 16-Core Processor,2,6247,11915,2
162,AMD Ryzen 9 7950X3D 16-Core Processor,2,6247,11742,2
163,AMD Ryzen 9 7950X3D 16-Core Processor,2,6247,12404,2
164,AMD Ryzen 9 7950X3D 16-Core Processor,5,6247,30996,5
165,AMD Ryzen 9 7950X3D 16-Core Processor,2,6245,12422,2
166,AMD Ryzen 9 7950X3D 16-Core Processor,2,6245,12185,2
167,AMD Ryzen 9 7950X3D 16-Core Processor,2,6244,12162,2
168,AMD Ryzen 9 7950X3D 16-Core Processor,2,6244,12074,2
169,AMD Ryzen 9 7950X3D 16-Core Processor,2,6243,12272,2
170,AMD Ryzen 9 7950X3D 16-Core Processor,2,6242,12385,2
171,AMD Ryzen 9 7950X3D 16-Core Processor,2,6238,12442,2
172,AMD Ryzen 9 7950X3D 16-Core Processor,2,6237,12285,2
173,AMD Ryzen 9 7950X3D 16-Core Processor,2,6237,11948,2
174,AMD Ryzen 9 7950X3D 16-Core Processor,2,6236,12349,2
175,AMD Ryzen 9 7950X3D 16-Core Processor,2,6234,12316,2
176,AMD Ryzen 9 7950X3D 16-Core Processor,2,6233,12079,2
177,AMD Ryzen 9 7950X3D 16-Core Processor,2,6233,12355,2
178,AMD Ryzen 9 7950X3D 16-Core Processor,2,6231,12235,2
179,AMD Ryzen 9 7950X3D 16-Core Processor,2,6231,12351,2
180,AMD Ryzen 9 7950X3D 16-Core Processor,2,6229,12328,2
181,AMD Ryzen 9 7950X3D 16-Core Processor,2,6229,11340,2
182,AMD Ryzen 9 7950X3D 16-Core Processor,2,6226,12638,2
183,AMD Ryzen 9 7950X3D 16-Core Processor,2,6225,12249,2
184,AMD Ryzen 9 7950X3D 16-Core Processor,2,6225,12175,2
185,AMD Ryzen 9 7950X3D 16-Core Processor,2,6225,12424,2
186,AMD Ryzen 9 7950X3D 16-Core Processor,2,6223,12382,2
187,AMD Ryzen 9 7950X3D 16-Core Processor,6,6222,36150,6
188,AMD Ryzen 9 7950X3D 16-Core Processor,1,6221,105568,32
189,AMD Ryzen 9 7950X3D 16-Core Processor,2,6219,12414,2
190,AMD Ryzen 9 7950X3D 16-Core Processor,8,6217,50071,8
191,AMD Ryzen 9 7950X3D 16-Core Processor,2,6217,12426,2
192,AMD Ryzen 9 7950X3D 16-Core Processor,5,6216,29799,5
193,AMD Ryzen 9 7950X3D 16-Core Processor,4,6215,24625,4
194,AMD Ryzen 9 7950X3D 16-Core Processor,2,6215,12198,2
195,AMD Ryzen 9 7950X3D 16-Core Processor,2,6213,12273,2
196,AMD Ryzen 9 7950X3D 16-Core Processor,2,6212,12269,2
197,AMD Ryzen 9 7950X3D 16-Core Processor,8,6211,48460,8
198,AMD Ryzen 9 7950X3D 16-Core Processor,2,6211,12359,2
199,AMD Ryzen 9 7950X3D 16-Core Processor,8,6205,47301,8
200,AMD Ryzen 9 7950X3D 16-Core Processor,2,6205,12152,2
201,AMD Ryzen 9 7950X3D 16-Core Processor,2,6203,12001,2
202,AMD Ryzen 9 7950X3D 16-Core Processor,2,6200,12183,2
203,AMD Ryzen 9 7950X3D 16-Core Processor,2,6199,12167,2
204,AMD Ryzen 9 7950X3D 16-Core Processor,2,6197,11634,2
205,AMD Ryzen 9 7950X3D 16-Core Processor,2,6197,12408,2
206,AMD Ryzen 9 7950X3D 16-Core Processor,2,6195,12198,2
207,AMD Ryzen 9 7950X3D 16-Core Processor,2,6195,11853,2
208,AMD Ryzen 9 7950X3D 16-Core Processor,2,6193,12385,2
209,AMD Ryzen 9 7950X3D 16-Core Processor,2,6192,12188,2
210,AMD Ryzen 9 7950X3D 16-Core Processor,2,6190,11809,2
211,AMD Ryzen 9 7950X3D 16-Core Processor,2,6190,12321,2
212,AMD Ryzen 9 7950X3D 16-Core Processor,8,6188,48466,8
213,AMD Ryzen 9 7950X3D 16-Core Processor,2,6188,11956,2
214,AMD Ryzen 9 7950X3D 16-Core Processor,2,6187,11794,2
215,AMD Ryzen 9 7950X3D 16-Core Processor,2,6183,12178,2
216,AMD Ryzen 9 7950X3D 16-Core Processor,5,6183,29745,5
217,AMD Ryzen 9 7950X3D 16-Core Processor,1,6182,101515,32
218,AMD Ryzen 9 7950X3D 16-Core Processor,2,6177,12214,2
219,AMD Ryzen 9 7950X3D 16-Core Processor,4,6176,24481,4
220,AMD Ryzen 9 7950X3D 16-Core Processor,2,6176,12236,2
221,AMD Ryzen 9 7950X3D 16-Core Processor,2,6174,12021,2
222,AMD Ryzen 9 7950X3D 16-Core Processor,2,6173,12069,2
223,AMD Ryzen 9 7950X3D 16-Core Processor,2,6171,12150,2
224,AMD Ryzen 9 7950X3D 16-Core Processor,8,6171,47755,8
225,AMD Ryzen 9 7950X3D 16-Core Processor,2,6169,11715,2
226,AMD Ryzen 9 7950X3D 16-Core Processor,8,6167,47387,8
227,AMD Ryzen 9 7950X3D 16-Core Processor,3,6167,18374,3
228,AMD Ryzen 9 7950X3D 16-Core Processor,6,6165,36128,6
229,AMD Ryzen 9 7950X3D 16-Core Processor,2,6164,12106,2
230,AMD Ryzen 9 7950X3D 16-Core Processor,2,6163,11022,2
231,AMD Ryzen 9 7950X3D 16-Core Processor,2,6162,12464,2
232,AMD Ryzen 9 7950X3D 16-Core Processor,2,6159,12309,2
233,AMD Ryzen 9 7950X3D 16-Core Processor,2,6159,12329,2
234,AMD Ryzen 9 7950X3D 16-Core Processor,2,6159,12151,2
235,AMD Ryzen 9 7950X3D 16-Core Processor,4,6158,24881,4
236,AMD Ryzen 9 7950X3D 16-Core Processor,2,6158,12191,2
237,AMD Ryzen 9 7950X3D 16-Core Processor,2,6157,12215,2
238,AMD Ryzen 9 7950X3D 16-Core Processor,2,6156,11840,2
239,AMD Ryzen 9 7950X3D 16-Core Processor,1,6156,101785,32
240,AMD Ryzen 9 7950X3D 16-Core Processor,2,6153,12276,2
241,AMD Ryzen 9 7950X3D 16-Core Processor,8,6150,46917,8
242,AMD Ryzen 9 7950X3D 16-Core Processor,3,6149,17220,3
243,AMD Ryzen 9 7950X3D 16-Core Processor,2,6148,11851,2
244,AMD Ryzen 9 7950X3D 16-Core Processor,3,6145,18194,3
245,AMD Ryzen 9 7950X3D 16-Core Processor,2,6142,12120,2
246,AMD Ryzen 9 7950X3D 16-Core Processor,8,6138,48346,8
247,AMD Ryzen 9 7950X3D 16-Core Processor,4,6138,24119,4
248,AMD Ryzen 9 7950X3D 16-Core Processor,2,6137,12229,2
249,AMD Ryzen 9 7950X3D 16-Core Processor,8,6134,47652,8
250,AMD Ryzen 9 7950X3D 16-Core Processor,2,6133,11668,2
251,AMD Ryzen 9 7950X3D 16-Core Processor,16,6132,92813,16
252,AMD Ryzen 9 7950X3D 16-Core Processor,2,6131,12288,2
253,AMD Ryzen 9 7950X3D 16-Core Processor,2,6129,7756,2
254,AMD Ryzen 9 7950X3D 16-Core Processor,2,6129,12015,2
255,AMD Ryzen 9 7950X3D 16-Core Processor,1,6128,100887,32
256,AMD Ryzen 9 7950X3D 16-Core Processor,2,6128,12158,2
257,AMD Ryzen 9 7950X3D 16-Core Processor,2,6127,12186,2
258,AMD Ryzen 9 7950X3D 16-Core Processor,2,6127,12103,2
259,AMD Ryzen 9 7950X3D 16-Core Processor,2,6126,11937,2
260,AMD Ryzen 9 7950X3D 16-Core Processor,2,6125,12111,2
261,AMD Ryzen 9 7950X3D 16-Core Processor,2,6124,12025,2
262,AMD Ryzen 9 7950X3D 16-Core Processor,4,6124,24855,4
263,AMD Ryzen 9 7950X3D 16-Core Processor,2,6123,12254,2
264,AMD Ryzen 9 7950X3D 16-Core Processor,2,6121,11821,2
265,AMD Ryzen 9 7950X3D 16-Core Processor,6,6118,34915,6
266,AMD Ryzen 9 7950X3D 16-Core Processor,2,6116,12195,2
267,AMD Ryzen 9 7950X3D 16-Core Processor,2,6115,11356,2
268,AMD Ryzen 9 7950X3D 16-Core Processor,2,6114,12434,2
269,AMD Ryzen 9 7950X3D 16-Core Processor,8,6112,48668,8
270,AMD Ryzen 9 7950X3D 16-Core Processor,2,6108,11649,2
271,AMD Ryzen 9 7950X3D 16-Core Processor,2,6107,12282,2
272,AMD Ryzen 9 7950X3D 16-Core Processor,2,6107,12461,2
273,AMD Ryzen 9 7950X3D 16-Core Processor,2,6105,11725,2
274,AMD Ryzen 9 7950X3D 16-Core Processor,4,6100,24001,4
275,AMD Ryzen 9 7950X3D 16-Core Processor,2,6100,12171,2
276,AMD Ryzen 9 7950X3D 16-Core Processor,8,6099,48205,8
277,AMD Ryzen 9 7950X3D 16-Core Processor,2,6099,12285,2
278,AMD Ryzen 9 7950X3D 16-Core Processor,2,6098,12138,2
279,AMD Ryzen 9 7950X3D 16-Core Processor,2,6094,12205,2
280,AMD Ryzen 9 7950X3D 16-Core Processor,2,6094,11882,2
281,AMD Ryzen 9 7950X3D 16-Core Processor,3,6094,17985,3
282,AMD Ryzen 9 7950X3D 16-Core Processor,32,6094,98916,32
283,AMD Ryzen 9 7950X3D 16-Core Processor,2,6092,12291,2
284,AMD Ryzen 9 7950X3D 16-Core Processor,2,6091,12243,2
285,AMD Ryzen 9 7950X3D 16-Core Processor,2,6091,12230,2
286,AMD Ryzen 9 7950X3D 16-Core Processor,1,6090,98265,32
287,AMD Ryzen 9 7950X3D 16-Core Processor,2,6089,12618,2
288,AMD Ryzen 9 7950X3D 16-Core Processor,2,6089,11630,2
289,AMD Ryzen 9 7950X3D 16-Core Processor,2,6086,11597,2
290,AMD Ryzen 9 7950X3D 16-Core Processor,8,6084,47879,8
291,AMD Ryzen 9 7950X3D 16-Core Processor,6,6081,34455,6
292,AMD Ryzen 9 7950X3D 16-Core Processor,16,6079,85653,16
293,AMD Ryzen 9 7950X3D 16-Core Processor,32,6078,11525,32
294,AMD Ryzen 9 7950X3D 16-Core Processor,2,6078,12169,2
295,AMD Ryzen 9 7950X3D 16-Core Processor,2,6077,11769,2
296,AMD Ryzen 9 7950X3D 16-Core Processor,2,6076,12062,2
297,AMD Ryzen 9 7950X3D 16-Core Processor,2,6075,12166,2
298,AMD Ryzen 9 7950X3D 16-Core Processor,8,6075,47540,8
299,AMD Ryzen 9 7950X3D 16-Core Processor,8,6075,47524,8
300,AMD Ryzen 9 7950X3D 16-Core Processor,2,6074,12002,2
301,AMD Ryzen 9 7950X3D 16-Core Processor,6,6074,34049,6
302,AMD Ryzen 9 7950X3D 16-Core Processor,4,6073,23566,4
303,AMD Ryzen 9 7950X3D 16-Core Processor,2,6073,11974,2
304,AMD Ryzen 9 7950X3D 16-Core Processor,8,6071,47619,8
305,AMD Ryzen 9 7950X3D 16-Core Processor,6,6071,36165,6
306,AMD Ryzen 9 7950X3D 16-Core Processor,2,6070,12218,2
307,AMD Ryzen 9 7950X3D 16-Core Processor,2,6070,12145,2
308,AMD Ryzen 9 7950X3D 16-Core Processor,2,6066,11813,2
309,AMD Ryzen 9 7950X3D 16-Core Processor,2,6066,12172,2
310,AMD Ryzen 9 7950X3D 16-Core Processor,2,6065,12018,2
311,AMD Ryzen 9 7950X3D 16-Core Processor,2,6062,12080,2
312,AMD Ryzen 9 7950X3D 16-Core Processor,2,6062,12081,2
313,AMD Ryzen 9 7950X3D 16-Core Processor,2,6061,12602,2
314,AMD Ryzen 9 7950X3D 16-Core Processor,2,6061,12211,2
315,AMD Ryzen 9 7950X3D 16-Core Processor,4,6059,24835,4
316,AMD Ryzen 9 7950X3D 16-Core Processor,2,6058,12122,2
317,AMD Ryzen 9 7950X3D 16-Core Processor,4,6057,22952,4
318,AMD Ryzen 9 7950X3D 16-Core Processor,16,6056,88744,16
319,AMD Ryzen 9 7950X3D 16-Core Processor,6,6056,36047,6
320,AMD Ryzen 9 7950X3D 16-Core Processor,2,6056,11886,2
321,AMD Ryzen 9 7950X3D 16-Core Processor,2,6055,12039,2
322,AMD Ryzen 9 7950X3D 16-Core Processor,2,6053,12333,2
323,AMD Ryzen 9 7950X3D 16-Core Processor,2,6052,12241,2
324,AMD Ryzen 9 7950X3D 16-Core Processor,2,6051,12338,2
325,AMD Ryzen 9 7950X3D 16-Core Processor,2,6051,11745,2
326,AMD Ryzen 9 7950X3D 16-Core Processor,6,6051,34542,6
327,AMD Ryzen 9 7950X3D 16-Core Processor,2,6050,11865,2
328,AMD Ryzen 9 7950X3D 16-Core Processor,2,6049,11971,2
329,AMD Ryzen 9 7950X3D 16-Core Processor,6,6047,34606,6
330,AMD Ryzen 9 7950X3D 16-Core Processor,2,6047,11794,2
331,AMD Ryzen 9 7950X3D 16-Core Processor,8,6045,47813,8
332,AMD Ryzen 9 7950X3D 16-Core Processor,2,6043,12046,2
333,AMD Ryzen 9 7950X3D 16-Core Processor,4,6042,24025,4
334,AMD Ryzen 9 7950X3D 16-Core Processor,6,6042,35625,6
335,AMD Ryzen 9 7950X3D 16-Core Processor,6,6040,34862,6
336,AMD Ryzen 9 7950X3D 16-Core Processor,2,6038,11722,2
337,AMD Ryzen 9 7950X3D 16-Core Processor,16,6036,91954,16
338,AMD Ryzen 9 7950X3D 16-Core Processor,2,6034,12033,2
339,AMD Ryzen 9 7950X3D 16-Core Processor,3,6030,16696,3
340,AMD Ryzen 9 7950X3D 16-Core Processor,2,6029,12288,2
341,AMD Ryzen 9 7950X3D 16-Core Processor,8,6028,40731,8
342,AMD Ryzen 9 7950X3D 16-Core Processor,6,6028,35228,6
343,AMD Ryzen 9 7950X3D 16-Core Processor,2,6028,11791,2
344,AMD Ryzen 9 7950X3D 16-Core Processor,1,6027,104160,32
345,AMD Ryzen 9 7950X3D 16-Core Processor,8,6027,47456,8
346,AMD Ryzen 9 7950X3D 16-Core Processor,4,6027,23622,4
347,AMD Ryzen 9 7950X3D 16-Core Processor,2,6025,11635,2
348,AMD Ryzen 9 7950X3D 16-Core Processor,2,6024,11848,2
349,AMD Ryzen 9 7950X3D 16-Core Processor,2,6021,11650,2
350,AMD Ryzen 9 7950X3D 16-Core Processor,4,6020,23196,4
351,AMD Ryzen 9 7950X3D 16-Core Processor,2,6020,12263,2
352,AMD Ryzen 9 7950X3D 16-Core Processor,2,6019,12095,2
353,AMD Ryzen 9 7950X3D 16-Core Processor,2,6017,11587,2
354,AMD Ryzen 9 7950X3D 16-Core Processor,3,6017,17987,3
355,AMD Ryzen 9 7950X3D 16-Core Processor,2,6015,11953,2
356,AMD Ryzen 9 7950X3D 16-Core Processor,2,6014,12169,2
357,AMD Ryzen 9 7950X3D 16-Core Processor,8,6013,46055,8
358,AMD Ryzen 9 7950X3D 16-Core Processor,4,6005,23615,4
359,AMD Ryzen 9 7950X3D 16-Core Processor,3,6004,15412,3
360,AMD Ryzen 9 7950X3D 16-Core Processor,2,6002,11398,2
361,AMD Ryzen 9 7950X3D 16-Core Processor,2,6001,11725,2
362,AMD Ryzen 9 7950X3D 16-Core Processor,2,5999,11879,2
363,AMD Ryzen 9 7950X3D 16-Core Processor,2,5997,11687,2
364,AMD Ryzen 9 7950X3D 16-Core Processor,16,5996,84029,16
365,AMD Ryzen 9 7950X3D 16-Core Processor,8,5994,46675,8
366,AMD Ryzen 9 7950X3D 16-Core Processor,2,5994,12211,2
367,AMD Ryzen 9 7950X3D 16-Core Processor,2,5994,11576,2
368,AMD Ryzen 9 7950X3D 16-Core Processor,2,5992,11814,2
369,AMD Ryzen 9 7950X3D 16-Core Processor,4,5992,23441,4
370,AMD Ryzen 9 7950X3D 16-Core Processor,6,5991,35159,6
371,AMD Ryzen 9 7950X3D 16-Core Processor,2,5987,11917,2
372,AMD Ryzen 9 7950X3D 16-Core Processor,4,5985,23787,4
373,AMD Ryzen 9 7950X3D 16-Core Processor,8,5982,46712,8
374,AMD Ryzen 9 7950X3D 16-Core Processor,3,5975,17163,3
375,AMD Ryzen 9 7950X3D 16-Core Processor,2,5970,11554,2
376,AMD Ryzen 9 7950X3D 16-Core Processor,6,5969,34773,6
377,AMD Ryzen 9 7950X3D 16-Core Processor,16,5968,92256,16
378,AMD Ryzen 9 7950X3D 16-Core Processor,4,5968,23892,4
379,AMD Ryzen 9 7950X3D 16-Core Processor,6,5966,35758,6
380,AMD Ryzen 9 7950X3D 16-Core Processor,2,5966,11459,2
381,AMD Ryzen 9 7950X3D 16-Core Processor,2,5965,11688,2
382,AMD Ryzen 9 7950X3D 16-Core Processor,2,5962,12257,2
383,AMD Ryzen 9 7950X3D 16-Core Processor,8,5961,46233,8
384,AMD Ryzen 9 7950X3D 16-Core Processor,4,5960,23954,4
385,AMD Ryzen 9 7950X3D 16-Core Processor,6,5960,36682,6
386,AMD Ryzen 9 7950X3D 16-Core Processor,2,5960,11870,2
387,AMD Ryzen 9 7950X3D 16-Core Processor,2,5959,11609,2
388,AMD Ryzen 9 7950X3D 16-Core Processor,2,5959,11970,2
389,AMD Ryzen 9 7950X3D 16-Core Processor,3,5957,17794,3
390,AMD Ryzen 9 7950X3D 16-Core Processor,2,5956,12262,2
391,AMD Ryzen 9 7950X3D 16-Core Processor,3,5956,17906,3
392,AMD Ryzen 9 7950X3D 16-Core Processor,2,5956,12258,2
393,AMD Ryzen 9 7950X3D 16-Core Processor,16,5955,93440,16
394,AMD Ryzen 9 7950X3D 16-Core Processor,2,5955,12303,2
395,AMD Ryzen 9 7950X3D 16-Core Processor,2,5953,11955,2
396,AMD Ryzen 9 7950X3D 16-Core Processor,4,5953,22243,4
397,AMD Ryzen 9 7950X3D 16-Core Processor,2,5952,11339,2
398,AMD Ryzen 9 7950X3D 16-Core Processor,8,5951,46221,8
399,AMD Ryzen 9 7950X3D 16-Core Processor,4,5950,22202,4
400,AMD Ryzen 9 7950X3D 16-Core Processor,8,5950,48053,8
401,AMD Ryzen 9 7950X3D 16-Core Processor,2,5949,11452,2
402,AMD Ryzen 9 7950X3D 16-Core Processor,2,5948,12010,2
403,AMD Ryzen 9 7950X3D 16-Core Processor,2,5948,8907,2
404,AMD Ryzen 9 7950X3D 16-Core Processor,2,5947,11388,2
405,AMD Ryzen 9 7950X3D 16-Core Processor,2,5947,11765,2
406,AMD Ryzen 9 7950X3D 16-Core Processor,2,5946,11695,2
407,AMD Ryzen 9 7950X3D 16-Core Processor,3,5946,17595,3
408,AMD Ryzen 9 7950X3D 16-Core Processor,6,5945,36039,6
409,AMD Ryzen 9 7950X3D 16-Core Processor,2,5945,11563,2
410,AMD Ryzen 9 7950X3D 16-Core Processor,6,5945,34922,6
411,AMD Ryzen 9 7950X3D 16-Core Processor,2,5944,11566,2
412,AMD Ryzen 9 7950X3D 16-Core Processor,2,5944,11242,2
413,AMD Ryzen 9 7950X3D 16-Core Processor,2,5944,11643,2
414,AMD Ryzen 9 7950X3D 16-Core Processor,32,5943,10363,32
415,AMD Ryzen 9 7950X3D 16-Core Processor,5,5943,28472,5
416,AMD Ryzen 9 7950X3D 16-Core Processor,6,5942,35338,6
417,AMD Ryzen 9 7950X3D 16-Core Processor,4,5939,24486,4
418,AMD Ryzen 9 7950X3D 16-Core Processor,2,5935,11808,2
419,AMD Ryzen 9 7950X3D 16-Core Processor,8,5933,45627,8
420,AMD Ryzen 9 7950X3D 16-Core Processor,2,5933,11592,2
421,AMD Ryzen 9 7950X3D 16-Core Processor,2,5931,11348,2
422,AMD Ryzen 9 7950X3D 16-Core Processor,2,5929,11603,2
423,AMD Ryzen 9 7950X3D 16-Core Processor,2,5929,12197,2
424,AMD Ryzen 9 7950X3D 16-Core Processor,32,5928,13389,32
425,AMD Ryzen 9 7950X3D 16-Core Processor,4,5928,23259,4
426,AMD Ryzen 9 7950X3D 16-Core Processor,16,5926,49168,16
427,AMD Ryzen 9 7950X3D 16-Core Processor,2,5926,11689,2
428,AMD Ryzen 9 7950X3D 16-Core Processor,4,5925,23636,4
429,AMD Ryzen 9 7950X3D 16-Core Processor,2,5924,11667,2
430,AMD Ryzen 9 7950X3D 16-Core Processor,6,5921,35655,6
431,AMD Ryzen 9 7950X3D 16-Core Processor,2,5921,11744,2
432,AMD Ryzen 9 7950X3D 16-Core Processor,8,5920,45906,8
433,AMD Ryzen 9 7950X3D 16-Core Processor,1,5920,94872,32
434,AMD Ryzen 9 7950X3D 16-Core Processor,8,5920,46951,8
435,AMD Ryzen 9 7950X3D 16-Core Processor,5,5920,27715,5
436,AMD Ryzen 9 7950X3D 16-Core Processor,2,5918,11780,2
437,AMD Ryzen 9 7950X3D 16-Core Processor,5,5918,28833,5
438,AMD Ryzen 9 7950X3D 16-Core Processor,2,5917,12063,2
439,AMD Ryzen 9 7950X3D 16-Core Processor,2,5916,11899,2
440,AMD Ryzen 9 7950X3D 16-Core Processor,32,5915,12759,32
441,AMD Ryzen 9 7950X3D 16-Core Processor,2,5914,11836,2
442,AMD Ryzen 9 7950X3D 16-Core Processor,2,5913,12408,2
443,AMD Ryzen 9 7950X3D 16-Core Processor,8,5913,42446,8
444,AMD Ryzen 9 7950X3D 16-Core Processor,2,5911,12078,2
445,AMD Ryzen 9 7950X3D 16-Core Processor,4,5907,23822,4
446,AMD Ryzen 9 7950X3D 16-Core Processor,2,5905,11494,2
447,AMD Ryzen 9 7950X3D 16-Core Processor,6,5905,34862,6
448,AMD Ryzen 9 7950X3D 16-Core Processor,3,5905,17796,3
449,AMD Ryzen 9 7950X3D 16-Core Processor,2,5904,12127,2
450,AMD Ryzen 9 7950X3D 16-Core Processor,2,5902,11741,2
451,AMD Ryzen 9 7950X3D 16-Core Processor,2,5901,11639,2
452,AMD Ryzen 9 7950X3D 16-Core Processor,2,5896,11848,2
453,AMD Ryzen 9 7950X3D 16-Core Processor,32,5896,13006,32
454,AMD Ryzen 9 7950X3D 16-Core Processor,2,5895,11690,2
455,AMD Ryzen 9 7950X3D 16-Core Processor,2,5895,11639,2
456,AMD Ryzen 9 7950X3D 16-Core Processor,3,5893,17000,3
457,AMD Ryzen 9 7950X3D 16-Core Processor,2,5891,11690,2
458,AMD Ryzen 9 7950X3D 16-Core Processor,2,5891,11834,2
459,AMD Ryzen 9 7950X3D 16-Core Processor,2,5888,11604,2
460,AMD Ryzen 9 7950X3D 16-Core Processor,8,5886,45124,8
461,AMD Ryzen 9 7950X3D 16-Core Processor,3,5886,17616,3
462,AMD Ryzen 9 7950X3D 16-Core Processor,5,5885,27831,5
463,AMD Ryzen 9 7950X3D 16-Core Processor,2,5883,11302,2
464,AMD Ryzen 9 7950X3D 16-Core Processor,16,5881,53957,16
465,AMD Ryzen 9 7950X3D 16-Core Processor,2,5881,11671,2
466,AMD Ryzen 9 7950X3D 16-Core Processor,2,5881,10887,2
467,AMD Ryzen 9 7950X3D 16-Core Processor,2,5880,12177,2
468,AMD Ryzen 9 7950X3D 16-Core Processor,2,5878,11656,2
469,AMD Ryzen 9 7950X3D 16-Core Processor,4,5878,23178,4
470,AMD Ryzen 9 7950X3D 16-Core Processor,2,5878,10488,2
471,AMD Ryzen 9 7950X3D 16-Core Processor,2,5877,11720,2
472,AMD Ryzen 9 7950X3D 16-Core Processor,4,5877,23349,4
473,AMD Ryzen 9 7950X3D 16-Core Processor,2,5876,11348,2
474,AMD Ryzen 9 7950X3D 16-Core Processor,2,5875,11549,2
475,AMD Ryzen 9 7950X3D 16-Core Processor,3,5871,17021,3
476,AMD Ryzen 9 7950X3D 16-Core Processor,8,5871,45850,8
477,AMD Ryzen 9 7950X3D 16-Core Processor,2,5870,11594,2
478,AMD Ryzen 9 7950X3D 16-Core Processor,2,5869,11642,2
479,AMD Ryzen 9 7950X3D 16-Core Processor,2,5865,11689,2
480,AMD Ryzen 9 7950X3D 16-Core Processor,1,5862,5680,6
481,AMD Ryzen 9 7950X3D 16-Core Processor,2,5861,11670,2
482,AMD Ryzen 9 7950X3D 16-Core Processor,2,5857,11758,2
483,AMD Ryzen 9 7950X3D 16-Core Processor,2,5855,11638,2
484,AMD Ryzen 9 7950X3D 16-Core Processor,2,5855,11343,2
485,AMD Ryzen 9 7950X3D 16-Core Processor,2,5852,12281,2
486,AMD Ryzen 9 7950X3D 16-Core Processor,4,5851,23101,4
487,AMD Ryzen 9 7950X3D 16-Core Processor,6,5851,35353,6
488,AMD Ryzen 9 7950X3D 16-Core Processor,6,5850,34401,6
489,AMD Ryzen 9 7950X3D 16-Core Processor,6,5850,34554,6
490,AMD Ryzen 9 7950X3D 16-Core Processor,2,5850,11406,2
491,AMD Ryzen 9 7950X3D 16-Core Processor,32,5849,13225,32
492,AMD Ryzen 9 7950X3D 16-Core Processor,32,5847,14229,32
493,AMD Ryzen 9 7950X3D 16-Core Processor,2,5845,11632,2
494,AMD Ryzen 9 7950X3D 16-Core Processor,2,5845,11489,2
495,AMD Ryzen 9 7950X3D 16-Core Processor,2,5844,11744,2
496,AMD Ryzen 9 7950X3D 16-Core Processor,8,5841,46403,8
497,AMD Ryzen 9 7950X3D 16-Core Processor,2,5839,11764,2
498,AMD Ryzen 9 7950X3D 16-Core Processor,6,5838,32370,6
499,AMD Ryzen 9 7950X3D 16-Core Processor,16,5837,82172,16
500,AMD Ryzen 9 7950X3D 16-Core Processor,2,5836,11401,2
501,AMD Ryzen 9 7950X3D 16-Core Processor,4,5836,23578,4
502,AMD Ryzen 9 7950X3D 16-Core Processor,2,5836,11317,2
503,AMD Ryzen 9 7950X3D 16-Core Processor,3,5836,16476,3
504,AMD Ryzen 9 7950X3D 16-Core Processor,16,5834,80055,16
505,AMD Ryzen 9 7950X3D 16-Core Processor,2,5834,11277,2
506,AMD Ryzen 9 7950X3D 16-Core Processor,6,5833,33938,6
507,AMD Ryzen 9 7950X3D 16-Core Processor,2,5831,11752,2
508,AMD Ryzen 9 7950X3D 16-Core Processor,2,5829,11992,2
509,AMD Ryzen 9 7950X3D 16-Core Processor,3,5829,17374,3
510,AMD Ryzen 9 7950X3D 16-Core Processor,16,5828,82778,16
511,AMD Ryzen 9 7950X3D 16-Core Processor,32,5826,3920,32
512,AMD Ryzen 9 7950X3D 16-Core Processor,2,5826,11631,2
513,AMD Ryzen 9 7950X3D 16-Core Processor,2,5824,11365,2
514,AMD Ryzen 9 7950X3D 16-Core Processor,3,5823,16978,3
515,AMD Ryzen 9 7950X3D 16-Core Processor,2,5822,11309,2
516,AMD Ryzen 9 7950X3D 16-Core Processor,4,5822,22739,4
517,AMD Ryzen 9 7950X3D 16-Core Processor,2,5818,11680,2
518,AMD Ryzen 9 7950X3D 16-Core Processor,2,5816,11301,2
519,AMD Ryzen 9 7950X3D 16-Core Processor,2,5815,12303,2
520,AMD Ryzen 9 7950X3D 16-Core Processor,32,5813,12310,32
521,AMD Ryzen 9 7950X3D 16-Core Processor,2,5813,11045,2
522,AMD Ryzen 9 7950X3D 16-Core Processor,4,5813,22233,4
523,AMD Ryzen 9 7950X3D 16-Core Processor,2,5812,11631,2
524,AMD Ryzen 9 7950X3D 16-Core Processor,1,5812,90282,32
525,AMD Ryzen 9 7950X3D 16-Core Processor,8,5811,42819,8
526,AMD Ryzen 9 7950X3D 16-Core Processor,2,5810,11550,2
527,AMD Ryzen 9 7950X3D 16-Core Processor,5,5810,28034,5
528,AMD Ryzen 9 7950X3D 16-Core Processor,2,5808,11430,2
529,AMD Ryzen 9 7950X3D 16-Core Processor,2,5807,11612,2
530,AMD Ryzen 9 7950X3D 16-Core Processor,2,5807,11362,2
531,AMD Ryzen 9 7950X3D 16-Core Processor,4,5807,22900,4
532,AMD Ryzen 9 7950X3D 16-Core Processor,6,5806,33600,6
533,AMD Ryzen 9 7950X3D 16-Core Processor,2,5806,11636,2
534,AMD Ryzen 9 7950X3D 16-Core Processor,1,5806,98654,32
535,AMD Ryzen 9 7950X3D 16-Core Processor,2,5804,11820,2
536,AMD Ryzen 9 7950X3D 16-Core Processor,2,5804,11635,2
537,AMD Ryzen 9 7950X3D 16-Core Processor,2,5804,11025,2
538,AMD Ryzen 9 7950X3D 16-Core Processor,8,5801,45533,8
539,AMD Ryzen 9 7950X3D 16-Core Processor,8,5800,39183,8
540,AMD Ryzen 9 7950X3D 16-Core Processor,4,5800,22123,4
541,AMD Ryzen 9 7950X3D 16-Core Processor,2,5800,11622,2
542,AMD Ryzen 9 7950X3D 16-Core Processor,2,5799,11490,2
543,AMD Ryzen 9 7950X3D 16-Core Processor,8,5797,46437,8
544,AMD Ryzen 9 7950X3D 16-Core Processor,32,5797,13389,32
545,AMD Ryzen 9 7950X3D 16-Core Processor,2,5796,11451,2
546,AMD Ryzen 9 7950X3D 16-Core Processor,8,5794,30790,8
547,AMD Ryzen 9 7950X3D 16-Core Processor,6,5793,32740,6
548,AMD Ryzen 9 7950X3D 16-Core Processor,2,5793,11632,2
549,AMD Ryzen 9 7950X3D 16-Core Processor,2,5793,11678,2
550,AMD Ryzen 9 7950X3D 16-Core Processor,2,5792,11728,2
551,AMD Ryzen 9 7950X3D 16-Core Processor,3,5792,16801,3
552,AMD Ryzen 9 7950X3D 16-Core Processor,3,5791,17070,3
553,AMD Ryzen 9 7950X3D 16-Core Processor,8,5791,44302,8
554,AMD Ryzen 9 7950X3D 16-Core Processor,2,5789,11304,2
555,AMD Ryzen 9 7950X3D 16-Core Processor,6,5788,34124,6
556,AMD Ryzen 9 7950X3D 16-Core Processor,3,5788,17893,3
557,AMD Ryzen 9 7950X3D 16-Core Processor,4,5788,23391,4
558,AMD Ryzen 9 7950X3D 16-Core Processor,2,5788,11457,2
559,AMD Ryzen 9 7950X3D 16-Core Processor,8,5787,43787,8
560,AMD Ryzen 9 7950X3D 16-Core Processor,3,5784,17032,3
561,AMD Ryzen 9 7950X3D 16-Core Processor,16,5783,82135,16
562,AMD Ryzen 9 7950X3D 16-Core Processor,4,5783,22256,4
563,AMD Ryzen 9 7950X3D 16-Core Processor,32,5782,13865,32
564,AMD Ryzen 9 7950X3D 16-Core Processor,2,5781,11485,2
565,AMD Ryzen 9 7950X3D 16-Core Processor,2,5780,11691,2
566,AMD Ryzen 9 7950X3D 16-Core Processor,2,5780,10979,2
567,AMD Ryzen 9 7950X3D 16-Core Processor,2,5780,11576,2
568,AMD Ryzen 9 7950X3D 16-Core Processor,8,5778,46509,8
569,AMD Ryzen 9 7950X3D 16-Core Processor,8,5777,44779,8
570,AMD Ryzen 9 7950X3D 16-Core Processor,2,5777,11132,2
571,AMD Ryzen 9 7950X3D 16-Core Processor,2,5777,11535,2
572,AMD Ryzen 9 7950X3D 16-Core Processor,8,5776,46118,8
573,AMD Ryzen 9 7950X3D 16-Core Processor,8,5775,42540,8
574,AMD Ryzen 9 7950X3D 16-Core Processor,2,5774,10942,2
575,AMD Ryzen 9 7950X3D 16-Core Processor,2,5773,11542,2
576,AMD Ryzen 9 7950X3D 16-Core Processor,8,5773,44174,8
577,AMD Ryzen 9 7950X3D 16-Core Processor,4,5772,21995,4
578,AMD Ryzen 9 7950X3D 16-Core Processor,2,5770,11441,2
579,AMD Ryzen 9 7950X3D 16-Core Processor,8,5768,43898,8
580,AMD Ryzen 9 7950X3D 16-Core Processor,6,5768,34338,6
581,AMD Ryzen 9 7950X3D 16-Core Processor,6,5767,36305,6
582,AMD Ryzen 9 7950X3D 16-Core Processor,8,5766,44664,8
583,AMD Ryzen 9 7950X3D 16-Core Processor,6,5765,33681,6
584,AMD Ryzen 9 7950X3D 16-Core Processor,6,5764,32954,6
585,AMD Ryzen 9 7950X3D 16-Core Processor,8,5763,45562,8
586,AMD Ryzen 9 7950X3D 16-Core Processor,2,5763,11912,2
587,AMD Ryzen 9 7950X3D 16-Core Processor,2,5763,11490,2
588,AMD Ryzen 9 7950X3D 16-Core Processor,2,5762,11229,2
589,AMD Ryzen 9 7950X3D 16-Core Processor,2,5762,11519,2
590,AMD Ryzen 9 7950X3D 16-Core Processor,1,5761,5675,6
591,AMD Ryzen 9 7950X3D 16-Core Processor,2,5760,11529,2
592,AMD Ryzen 9 7950X3D 16-Core Processor,8,5760,45478,8
593,AMD Ryzen 9 7950X3D 16-Core Processor,2,5759,11482,2
594,AMD Ryzen 9 7950X3D 16-Core Processor,4,5759,22055,4
595,AMD Ryzen 9 7950X3D 16-Core Processor,2,5759,11616,2
596,AMD Ryzen 9 7950X3D 16-Core Processor,3,5758,15275,3
597,AMD Ryzen 9 7950X3D 16-Core Processor,8,5758,43638,8
598,AMD Ryzen 9 7950X3D 16-Core Processor,2,5757,11897,2
599,AMD Ryzen 9 7950X3D 16-Core Processor,2,5755,11086,2
600,AMD Ryzen 9 7950X3D 16-Core Processor,8,5755,43358,8
601,AMD Ryzen 9 7950X3D 16-Core Processor,2,5751,11778,2
602,AMD Ryzen 9 7950X3D 16-Core Processor,3,5751,16112,3
603,AMD Ryzen 9 7950X3D 16-Core Processor,2,5750,10797,2
604,AMD Ryzen 9 7950X3D 16-Core Processor,2,5750,11539,2
605,AMD Ryzen 9 7950X3D 16-Core Processor,8,5747,44916,8
606,AMD Ryzen 9 7950X3D 16-Core Processor,2,5747,11315,2
607,AMD Ryzen 9 7950X3D 16-Core Processor,2,5747,11290,2
608,AMD Ryzen 9 7950X3D 16-Core Processor,6,5746,33160,6
609,AMD Ryzen 9 7950X3D 16-Core Processor,6,5746,30892,6
610,AMD Ryzen 9 7950X3D 16-Core Processor,2,5746,11410,2
611,AMD Ryzen 9 7950X3D 16-Core Processor,2,5745,11665,2
612,AMD Ryzen 9 7950X3D 16-Core Processor,8,5743,44706,8
613,AMD Ryzen 9 7950X3D 16-Core Processor,2,5742,11605,2
614,AMD Ryzen 9 7950X3D 16-Core Processor,2,5742,11569,2
615,AMD Ryzen 9 7950X3D 16-Core Processor,32,5741,3929,32
616,AMD Ryzen 9 7950X3D 16-Core Processor,6,5740,33094,6
617,AMD Ryzen 9 7950X3D 16-Core Processor,2,5740,11575,2
618,AMD Ryzen 9 7950X3D 16-Core Processor,2,5740,11370,2
619,AMD Ryzen 9 7950X3D 16-Core Processor,32,5740,14706,32
620,AMD Ryzen 9 7950X3D 16-Core Processor,3,5739,17384,3
621,AMD Ryzen 9 7950X3D 16-Core Processor,2,5739,11432,2
622,AMD Ryzen 9 7950X3D 16-Core Processor,8,5737,44852,8
623,AMD Ryzen 9 7950X3D 16-Core Processor,2,5734,11270,2
624,AMD Ryzen 9 7950X3D 16-Core Processor,6,5734,29214,6
625,AMD Ryzen 9 7950X3D 16-Core Processor,3,5733,15134,3
626,AMD Ryzen 9 7950X3D 16-Core Processor,6,5732,34268,6
627,AMD Ryzen 9 7950X3D 16-Core Processor,2,5731,11380,2
628,AMD Ryzen 9 7950X3D 16-Core Processor,6,5731,32728,6
629,AMD Ryzen 9 7950X3D 16-Core Processor,2,5729,11005,2
630,AMD Ryzen 9 7950X3D 16-Core Processor,2,5729,11648,2
631,AMD Ryzen 9 7950X3D 16-Core Processor,8,5728,43427,8
632,AMD Ryzen 9 7950X3D 16-Core Processor,6,5727,34181,6
633,AMD Ryzen 9 7950X3D 16-Core Processor,4,5727,23568,4
634,AMD Ryzen 9 7950X3D 16-Core Processor,6,5725,30721,6
635,AMD Ryzen 9 7950X3D 16-Core Processor,16,5723,83576,16
636,AMD Ryzen 9 7950X3D 16-Core Processor,4,5722,22493,4
637,AMD Ryzen 9 7950X3D 16-Core Processor,5,5721,28060,5
638,AMD Ryzen 9 7950X3D 16-Core Processor,4,5721,22702,4
639,AMD Ryzen 9 7950X3D 16-Core Processor,2,5720,11764,2
640,AMD Ryzen 9 7950X3D 16-Core Processor,2,5719,11512,2
641,AMD Ryzen 9 7950X3D 16-Core Processor,4,5719,22372,4
642,AMD Ryzen 9 7950X3D 16-Core Processor,2,5715,11210,2
643,AMD Ryzen 9 7950X3D 16-Core Processor,2,5714,11180,2
644,AMD Ryzen 9 7950X3D 16-Core Processor,8,5713,44499,8
645,AMD Ryzen 9 7950X3D 16-Core Processor,2,5713,11195,2
646,AMD Ryzen 9 7950X3D 16-Core Processor,2,5712,11448,2
647,AMD Ryzen 9 7950X3D 16-Core Processor,2,5712,10914,2
648,AMD Ryzen 9 7950X3D 16-Core Processor,4,5711,22160,4
649,AMD Ryzen 9 7950X3D 16-Core Processor,8,5711,45023,8
650,AMD Ryzen 9 7950X3D 16-Core Processor,2,5710,11620,2
651,AMD Ryzen 9 7950X3D 16-Core Processor,2,5710,11061,2
652,AMD Ryzen 9 7950X3D 16-Core Processor,2,5710,11395,2
653,AMD Ryzen 9 7950X3D 16-Core Processor,2,5710,11483,2
654,AMD Ryzen 9 7950X3D 16-Core Processor,2,5707,11504,2
655,AMD Ryzen 9 7950X3D 16-Core Processor,32,5706,13970,32
656,AMD Ryzen 9 7950X3D 16-Core Processor,2,5704,11526,2
657,AMD Ryzen 9 7950X3D 16-Core Processor,8,5703,45357,8
658,AMD Ryzen 9 7950X3D 16-Core Processor,16,5703,82122,16
659,AMD Ryzen 9 7950X3D 16-Core Processor,32,5702,3206,32
660,AMD Ryzen 9 7950X3D 16-Core Processor,8,5701,43680,8
661,AMD Ryzen 9 7950X3D 16-Core Processor,3,5700,17375,3
662,AMD Ryzen 9 7950X3D 16-Core Processor,2,5700,11540,2
663,AMD Ryzen 9 7950X3D 16-Core Processor,2,5700,11030,2
664,AMD Ryzen 9 7950X3D 16-Core Processor,2,5699,11574,2
665,AMD Ryzen 9 7950X3D 16-Core Processor,2,5697,11188,2
666,AMD Ryzen 9 7950X3D 16-Core Processor,2,5696,11352,2
667,AMD Ryzen 9 7950X3D 16-Core Processor,2,5695,11121,2
668,AMD Ryzen 9 7950X3D 16-Core Processor,6,5694,32277,6
669,AMD Ryzen 9 7950X3D 16-Core Processor,16,5693,82685,16
670,AMD Ryzen 9 7950X3D 16-Core Processor,2,5692,11890,2
671,AMD Ryzen 9 7950X3D 16-Core Processor,4,5691,22203,4
672,AMD Ryzen 9 7950X3D 16-Core Processor,2,5689,11252,2
673,AMD Ryzen 9 7950X3D 16-Core Processor,32,5688,3599,32
674,AMD Ryzen 9 7950X3D 16-Core Processor,2,5688,11281,2
675,AMD Ryzen 9 7950X3D 16-Core Processor,8,5688,44634,8
676,AMD Ryzen 9 7950X3D 16-Core Processor,6,5686,32906,6
677,AMD Ryzen 9 7950X3D 16-Core Processor,2,5685,11318,2
678,AMD Ryzen 9 7950X3D 16-Core Processor,32,5683,15667,32
679,AMD Ryzen 9 7950X3D 16-Core Processor,2,5681,11241,2
680,AMD Ryzen 9 7950X3D 16-Core Processor,4,5679,22926,4
681,AMD Ryzen 9 7950X3D 16-Core Processor,8,5679,45437,8
682,AMD Ryzen 9 7950X3D 16-Core Processor,4,5678,21524,4
683,AMD Ryzen 9 7950X3D 16-Core Processor,16,5677,75590,16
684,AMD Ryzen 9 7950X3D 16-Core Processor,2,5676,9546,2
685,AMD Ryzen 9 7950X3D 16-Core Processor,1,5676,5838,6
686,AMD Ryzen 9 7950X3D 16-Core Processor,8,5674,45179,8
687,AMD Ryzen 9 7950X3D 16-Core Processor,8,5674,43842,8
688,AMD Ryzen 9 7950X3D 16-Core Processor,8,5674,44035,8
689,AMD Ryzen 9 7950X3D 16-Core Processor,32,5673,14102,32
690,AMD Ryzen 9 7950X3D 16-Core Processor,2,5673,11362,2
691,AMD Ryzen 9 7950X3D 16-Core Processor,3,5672,17142,3
692,AMD Ryzen 9 7950X3D 16-Core Processor,10,5671,55727,10
693,AMD Ryzen 9 7950X3D 16-Core Processor,5,5671,28229,5
694,AMD Ryzen 9 7950X3D 16-Core Processor,2,5670,10889,2
695,AMD Ryzen 9 7950X3D 16-Core Processor,2,5670,11569,2
696,AMD Ryzen 9 7950X3D 16-Core Processor,2,5669,10747,2
697,AMD Ryzen 9 7950X3D 16-Core Processor,6,5668,33250,6
698,AMD Ryzen 9 7950X3D 16-Core Processor,2,5666,10750,2
699,AMD Ryzen 9 7950X3D 16-Core Processor,8,5666,43870,8
700,AMD Ryzen 9 7950X3D 16-Core Processor,2,5665,12439,2
701,AMD Ryzen 9 7950X3D 16-Core Processor,2,5662,11163,2
702,AMD Ryzen 9 7950X3D 16-Core Processor,5,5661,28134,5
703,AMD Ryzen 9 7950X3D 16-Core Processor,5,5661,28048,5
704,AMD Ryzen 9 7950X3D 16-Core Processor,8,5660,46694,8
705,AMD Ryzen 9 7950X3D 16-Core Processor,2,5660,10780,2
706,AMD Ryzen 9 7950X3D 16-Core Processor,2,5656,11198,2
707,AMD Ryzen 9 7950X3D 16-Core Processor,16,5656,78920,16
708,AMD Ryzen 9 7950X3D 16-Core Processor,4,5652,21922,4
709,AMD Ryzen 9 7950X3D 16-Core Processor,2,5651,11307,2
710,AMD Ryzen 9 7950X3D 16-Core Processor,2,5651,11317,2
711,AMD Ryzen 9 7950X3D 16-Core Processor,8,5650,37070,8
712,AMD Ryzen 9 7950X3D 16-Core Processor,2,5650,11328,2
713,AMD Ryzen 9 7950X3D 16-Core Processor,32,5649,13924,32
714,AMD Ryzen 9 7950X3D 16-Core Processor,8,5648,43767,8
715,AMD Ryzen 9 7950X3D 16-Core Processor,2,5648,11435,2
716,AMD Ryzen 9 7950X3D 16-Core Processor,8,5647,33025,8
717,AMD Ryzen 9 7950X3D 16-Core Processor,2,5644,11337,2
718,AMD Ryzen 9 7950X3D 16-Core Processor,6,5643,32447,6
719,AMD Ryzen 9 7950X3D 16-Core Processor,10,5642,54329,10
720,AMD Ryzen 9 7950X3D 16-Core Processor,2,5639,11239,2
721,AMD Ryzen 9 7950X3D 16-Core Processor,2,5639,11513,2
722,AMD Ryzen 9 7950X3D 16-Core Processor,2,5637,11110,2
723,AMD Ryzen 9 7950X3D 16-Core Processor,4,5637,22473,4
724,AMD Ryzen 9 7950X3D 16-Core Processor,16,5636,82366,16
725,AMD Ryzen 9 7950X3D 16-Core Processor,2,5636,11322,2
726,AMD Ryzen 9 7950X3D 16-Core Processor,2,5635,11281,2
727,AMD Ryzen 9 7950X3D 16-Core Processor,2,5634,11235,2
728,AMD Ryzen 9 7950X3D 16-Core Processor,6,5633,33044,6
729,AMD Ryzen 9 7950X3D 16-Core Processor,2,5632,11232,2
730,AMD Ryzen 9 7950X3D 16-Core Processor,2,5632,11065,2
731,AMD Ryzen 9 7950X3D 16-Core Processor,2,5631,10835,2
732,AMD Ryzen 9 7950X3D 16-Core Processor,2,5631,10661,2
733,AMD Ryzen 9 7950X3D 16-Core Processor,32,5631,3915,32
734,AMD Ryzen 9 7950X3D 16-Core Processor,2,5631,11399,2
735,AMD Ryzen 9 7950X3D 16-Core Processor,2,5631,10938,2
736,AMD Ryzen 9 7950X3D 16-Core Processor,32,5631,15087,32
737,AMD Ryzen 9 7950X3D 16-Core Processor,4,5630,21444,4
738,AMD Ryzen 9 7950X3D 16-Core Processor,2,5629,11116,2
739,AMD Ryzen 9 7950X3D 16-Core Processor,3,5629,17448,3
740,AMD Ryzen 9 7950X3D 16-Core Processor,16,5628,83747,16
741,AMD Ryzen 9 7950X3D 16-Core Processor,2,5626,11301,2
742,AMD Ryzen 9 7950X3D 16-Core Processor,2,5626,11627,2
743,AMD Ryzen 9 7950X3D 16-Core Processor,16,5623,80044,16
744,AMD Ryzen 9 7950X3D 16-Core Processor,6,5623,28250,6
745,AMD Ryzen 9 7950X3D 16-Core Processor,2,5622,11053,2
746,AMD Ryzen 9 7950X3D 16-Core Processor,2,5621,10657,2
747,AMD Ryzen 9 7950X3D 16-Core Processor,8,5621,42266,8
748,AMD Ryzen 9 7950X3D 16-Core Processor,2,5620,11266,2
749,AMD Ryzen 9 7950X3D 16-Core Processor,8,5620,43444,8
750,AMD Ryzen 9 7950X3D 16-Core Processor,8,5619,43281,8
751,AMD Ryzen 9 7950X3D 16-Core Processor,2,5618,11193,2
752,AMD Ryzen 9 7950X3D 16-Core Processor,2,5616,7576,2
753,AMD Ryzen 9 7950X3D 16-Core Processor,32,5614,13121,32
754,AMD Ryzen 9 7950X3D 16-Core Processor,6,5614,33386,6
755,AMD Ryzen 9 7950X3D 16-Core Processor,2,5613,11184,2
756,AMD Ryzen 9 7950X3D 16-Core Processor,2,5613,8845,2
757,AMD Ryzen 9 7950X3D 16-Core Processor,2,5613,11453,2
758,AMD Ryzen 9 7950X3D 16-Core Processor,4,5613,20351,4
759,AMD Ryzen 9 7950X3D 16-Core Processor,4,5612,22435,4
760,AMD Ryzen 9 7950X3D 16-Core Processor,8,5612,36046,8
761,AMD Ryzen 9 7950X3D 16-Core Processor,2,5611,11041,2
762,AMD Ryzen 9 7950X3D 16-Core Processor,4,5610,21651,4
763,AMD Ryzen 9 7950X3D 16-Core Processor,2,5608,10836,2
764,AMD Ryzen 9 7950X3D 16-Core Processor,2,5608,10962,2
765,AMD Ryzen 9 7950X3D 16-Core Processor,2,5607,11103,2
766,AMD Ryzen 9 7950X3D 16-Core Processor,2,5606,10945,2
767,AMD Ryzen 9 7950X3D 16-Core Processor,2,5605,11050,2
768,AMD Ryzen 9 7950X3D 16-Core Processor,2,5604,5239,2
769,AMD Ryzen 9 7950X3D 16-Core Processor,32,5603,3937,32
770,AMD Ryzen 9 7950X3D 16-Core Processor,2,5602,11375,2
771,AMD Ryzen 9 7950X3D 16-Core Processor,12,5600,60966,12
772,AMD Ryzen 9 7950X3D 16-Core Processor,16,5599,80213,16
773,AMD Ryzen 9 7950X3D 16-Core Processor,8,5599,43735,8
774,AMD Ryzen 9 7950X3D 16-Core Processor,8,5598,36094,8
775,AMD Ryzen 9 7950X3D 16-Core Processor,16,5596,77512,16
776,AMD Ryzen 9 7950X3D 16-Core Processor,12,5595,53863,12
777,AMD Ryzen 9 7950X3D 16-Core Processor,2,5595,5673,2
778,AMD Ryzen 9 7950X3D 16-Core Processor,16,5594,66553,16
779,AMD Ryzen 9 7950X3D 16-Core Processor,2,5593,10867,2
780,AMD Ryzen 9 7950X3D 16-Core Processor,12,5593,55208,12
781,AMD Ryzen 9 7950X3D 16-Core Processor,8,5592,37804,8
782,AMD Ryzen 9 7950X3D 16-Core Processor,2,5591,11065,2
783,AMD Ryzen 9 7950X3D 16-Core Processor,8,5591,39478,8
784,AMD Ryzen 9 7950X3D 16-Core Processor,2,5591,11538,2
785,AMD Ryzen 9 7950X3D 16-Core Processor,2,5589,10408,2
786,AMD Ryzen 9 7950X3D 16-Core Processor,32,5588,14179,32
787,AMD Ryzen 9 7950X3D 16-Core Processor,2,5588,10689,2
788,AMD Ryzen 9 7950X3D 16-Core Processor,6,5588,33222,6
789,AMD Ryzen 9 7950X3D 16-Core Processor,2,5587,11256,2
790,AMD Ryzen 9 7950X3D 16-Core Processor,16,5587,79254,16
791,AMD Ryzen 9 7950X3D 16-Core Processor,10,5587,43620,10
792,AMD Ryzen 9 7950X3D 16-Core Processor,6,5585,32313,6
793,AMD Ryzen 9 7950X3D 16-Core Processor,6,5584,32660,6
794,AMD Ryzen 9 7950X3D 16-Core Processor,2,5584,11156,2
795,AMD Ryzen 9 7950X3D 16-Core Processor,2,5583,10997,2
796,AMD Ryzen 9 7950X3D 16-Core Processor,16,5582,80589,16
797,AMD Ryzen 9 7950X3D 16-Core Processor,6,5581,33376,6
798,AMD Ryzen 9 7950X3D 16-Core Processor,2,5581,10306,2
799,AMD Ryzen 9 7950X3D 16-Core Processor,2,5581,11310,2
800,AMD Ryzen 9 7950X3D 16-Core Processor,4,5580,21923,4
801,AMD Ryzen 9 7950X3D 16-Core Processor,2,5579,10804,2
802,AMD Ryzen 9 7950X3D 16-Core Processor,8,5578,42450,8
803,AMD Ryzen 9 7950X3D 16-Core Processor,2,5576,10906,2
804,AMD Ryzen 9 7950X3D 16-Core Processor,2,5576,11170,2
805,AMD Ryzen 9 7950X3D 16-Core Processor,2,5575,11504,2
806,AMD Ryzen 9 7950X3D 16-Core Processor,1,5572,98086,32
807,AMD Ryzen 9 7950X3D 16-Core Processor,5,5572,27977,5
808,AMD Ryzen 9 7950X3D 16-Core Processor,2,5570,11020,2
809,AMD Ryzen 9 7950X3D 16-Core Processor,2,5569,10601,2
810,AMD Ryzen 9 7950X3D 16-Core Processor,16,5569,77916,16
811,AMD Ryzen 9 7950X3D 16-Core Processor,2,5567,11115,2
812,AMD Ryzen 9 7950X3D 16-Core Processor,6,5567,29810,6
813,AMD Ryzen 9 7950X3D 16-Core Processor,2,5566,11079,2
814,AMD Ryzen 9 7950X3D 16-Core Processor,2,5566,11195,2
815,AMD Ryzen 9 7950X3D 16-Core Processor,32,5565,16412,32
816,AMD Ryzen 9 7950X3D 16-Core Processor,8,5564,42961,8
817,AMD Ryzen 9 7950X3D 16-Core Processor,2,5562,8257,2
818,AMD Ryzen 9 7950X3D 16-Core Processor,16,5561,80365,16
819,AMD Ryzen 9 7950X3D 16-Core Processor,16,5560,76019,16
820,AMD Ryzen 9 7950X3D 16-Core Processor,2,5560,10889,2
821,AMD Ryzen 9 7950X3D 16-Core Processor,3,5559,16990,3
822,AMD Ryzen 9 7950X3D 16-Core Processor,16,5559,70445,16
823,AMD Ryzen 9 7950X3D 16-Core Processor,32,5559,17838,32
824,AMD Ryzen 9 7950X3D 16-Core Processor,8,5558,44529,8
825,AMD Ryzen 9 7950X3D 16-Core Processor,2,5558,11132,2
826,AMD Ryzen 9 7950X3D 16-Core Processor,4,5558,19705,4
827,AMD Ryzen 9 7950X3D 16-Core Processor,3,5557,16446,3
828,AMD Ryzen 9 7950X3D 16-Core Processor,16,5557,81576,16
829,AMD Ryzen 9 7950X3D 16-Core Processor,2,5556,11179,2
830,AMD Ryzen 9 7950X3D 16-Core Processor,32,5556,14498,32
831,AMD Ryzen 9 7950X3D 16-Core Processor,32,5553,14186,32
832,AMD Ryzen 9 7950X3D 16-Core Processor,16,5553,70438,16
833,AMD Ryzen 9 7950X3D 16-Core Processor,6,5550,32721,6
834,AMD Ryzen 9 7950X3D 16-Core Processor,2,5550,11197,2
835,AMD Ryzen 9 7950X3D 16-Core Processor,2,5550,11151,2
836,AMD Ryzen 9 7950X3D 16-Core Processor,6,5549,30075,6
837,AMD Ryzen 9 7950X3D 16-Core Processor,16,5549,67619,16
838,AMD Ryzen 9 7950X3D 16-Core Processor,16,5548,62641,16
839,AMD Ryzen 9 7950X3D 16-Core Processor,2,5548,11287,2
840,AMD Ryzen 9 7950X3D 16-Core Processor,2,5545,11364,2
841,AMD Ryzen 9 7950X3D 16-Core Processor,2,5543,10918,2
842,AMD Ryzen 9 7950X3D 16-Core Processor,16,5543,80528,16
843,AMD Ryzen 9 7950X3D 16-Core Processor,2,5542,10812,2
844,AMD Ryzen 9 7950X3D 16-Core Processor,2,5541,11302,2
845,AMD Ryzen 9 7950X3D 16-Core Processor,2,5540,10797,2
846,AMD Ryzen 9 7950X3D 16-Core Processor,8,5536,44188,8
847,AMD Ryzen 9 7950X3D 16-Core Processor,16,5535,74942,16
848,AMD Ryzen 9 7950X3D 16-Core Processor,2,5534,11100,2
849,AMD Ryzen 9 7950X3D 16-Core Processor,6,5534,33487,6
850,AMD Ryzen 9 7950X3D 16-Core Processor,32,5532,12709,32
851,AMD Ryzen 9 7950X3D 16-Core Processor,2,5530,11173,2
852,AMD Ryzen 9 7950X3D 16-Core Processor,2,5529,11546,2
853,AMD Ryzen 9 7950X3D 16-Core Processor,2,5528,10798,2
854,AMD Ryzen 9 7950X3D 16-Core Processor,16,5527,70469,16
855,AMD Ryzen 9 7950X3D 16-Core Processor,2,5527,10513,2
856,AMD Ryzen 9 7950X3D 16-Core Processor,2,5527,10856,2
857,AMD Ryzen 9 7950X3D 16-Core Processor,16,5527,56409,16
858,AMD Ryzen 9 7950X3D 16-Core Processor,8,5526,43176,8
859,AMD Ryzen 9 7950X3D 16-Core Processor,8,5526,44970,8
860,AMD Ryzen 9 7950X3D 16-Core Processor,4,5525,21119,4
861,AMD Ryzen 9 7950X3D 16-Core Processor,6,5523,32455,6
862,AMD Ryzen 9 7950X3D 16-Core Processor,8,5523,38410,8
863,AMD Ryzen 9 7950X3D 16-Core Processor,8,5523,42341,8
864,AMD Ryzen 9 7950X3D 16-Core Processor,4,5520,22344,4
865,AMD Ryzen 9 7950X3D 16-Core Processor,8,5520,34525,8
866,AMD Ryzen 9 7950X3D 16-Core Processor,12,5519,52445,12
867,AMD Ryzen 9 7950X3D 16-Core Processor,2,5518,11230,2
868,AMD Ryzen 9 7950X3D 16-Core Processor,2,5517,11197,2
869,AMD Ryzen 9 7950X3D 16-Core Processor,4,5517,21474,4
870,AMD Ryzen 9 7950X3D 16-Core Processor,2,5515,10984,2
871,AMD Ryzen 9 7950X3D 16-Core Processor,4,5514,21822,4
872,AMD Ryzen 9 7950X3D 16-Core Processor,16,5514,81462,16
873,AMD Ryzen 9 7950X3D 16-Core Processor,2,5513,10522,2
874,AMD Ryzen 9 7950X3D 16-Core Processor,4,5513,23710,4
875,AMD Ryzen 9 7950X3D 16-Core Processor,2,5511,10980,2
876,AMD Ryzen 9 7950X3D 16-Core Processor,2,5510,10615,2
877,AMD Ryzen 9 7950X3D 16-Core Processor,2,5510,10470,2
878,AMD Ryzen 9 7950X3D 16-Core Processor,32,5509,14763,32
879,AMD Ryzen 9 7950X3D 16-Core Processor,2,5509,10612,2
880,AMD Ryzen 9 7950X3D 16-Core Processor,16,5509,79119,16
881,AMD Ryzen 9 7950X3D 16-Core Processor,5,5508,27496,5
882,AMD Ryzen 9 7950X3D 16-Core Processor,2,5506,10545,2
883,AMD Ryzen 9 7950X3D 16-Core Processor,2,5506,10690,2
884,AMD Ryzen 9 7950X3D 16-Core Processor,8,5506,32745,8
885,AMD Ryzen 9 7950X3D 16-Core Processor,32,5505,3780,32
886,AMD Ryzen 9 7950X3D 16-Core Processor,12,5504,53575,12
887,AMD Ryzen 9 7950X3D 16-Core Processor,2,5504,10742,2
888,AMD Ryzen 9 7950X3D 16-Core Processor,2,5504,10864,2
889,AMD Ryzen 9 7950X3D 16-Core Processor,8,5504,44410,8
890,AMD Ryzen 9 7950X3D 16-Core Processor,2,5504,10596,2
891,AMD Ryzen 9 7950X3D 16-Core Processor,2,5503,10510,2
892,AMD Ryzen 9 7950X3D 16-Core Processor,32,5503,16221,32
893,AMD Ryzen 9 7950X3D 16-Core Processor,2,5502,10793,2
894,AMD Ryzen 9 7950X3D 16-Core Processor,32,5501,16805,32
895,AMD Ryzen 9 7950X3D 16-Core Processor,2,5501,10569,2
896,AMD Ryzen 9 7950X3D 16-Core Processor,16,5500,70552,16
897,AMD Ryzen 9 7950X3D 16-Core Processor,2,5499,10808,2
898,AMD Ryzen 9 7950X3D 16-Core Processor,3,5498,16998,3
899,AMD Ryzen 9 7950X3D 16-Core Processor,2,5498,10880,2
900,AMD Ryzen 9 7950X3D 16-Core Processor,2,5497,10931,2
901,AMD Ryzen 9 7950X3D 16-Core Processor,2,5495,10722,2
902,AMD Ryzen 9 7950X3D 16-Core Processor,2,5494,11092,2
903,AMD Ryzen 9 7950X3D 16-Core Processor,2,5494,11095,2
904,AMD Ryzen 9 7950X3D 16-Core Processor,32,5494,15258,32
905,AMD Ryzen 9 7950X3D 16-Core Processor,2,5493,10960,2
906,AMD Ryzen 9 7950X3D 16-Core Processor,2,5492,10795,2
907,AMD Ryzen 9 7950X3D 16-Core Processor,16,5491,79446,16
908,AMD Ryzen 9 7950X3D 16-Core Processor,6,5491,31617,6
909,AMD Ryzen 9 7950X3D 16-Core Processor,2,5491,10735,2
910,AMD Ryzen 9 7950X3D 16-Core Processor,2,5491,10626,2
911,AMD Ryzen 9 7950X3D 16-Core Processor,2,5489,11138,2
912,AMD Ryzen 9 7950X3D 16-Core Processor,2,5489,10511,2
913,AMD Ryzen 9 7950X3D 16-Core Processor,32,5487,14541,32
914,AMD Ryzen 9 7950X3D 16-Core Processor,16,5486,76911,16
915,AMD Ryzen 9 7950X3D 16-Core Processor,5,5486,21116,5
916,AMD Ryzen 9 7950X3D 16-Core Processor,6,5485,31430,6
917,AMD Ryzen 9 7950X3D 16-Core Processor,4,5484,21029,4
918,AMD Ryzen 9 7950X3D 16-Core Processor,2,5484,11147,2
919,AMD Ryzen 9 7950X3D 16-Core Processor,16,5484,64648,16
920,AMD Ryzen 9 7950X3D 16-Core Processor,2,5483,10578,2
921,AMD Ryzen 9 7950X3D 16-Core Processor,32,5483,14877,32
922,AMD Ryzen 9 7950X3D 16-Core Processor,2,5482,10940,2
923,AMD Ryzen 9 7950X3D 16-Core Processor,2,5482,5550,2
924,AMD Ryzen 9 7950X3D 16-Core Processor,4,5481,21738,4
925,AMD Ryzen 9 7950X3D 16-Core Processor,2,5479,10848,2
926,AMD Ryzen 9 7950X3D 16-Core Processor,2,5478,10774,2
927,AMD Ryzen 9 7950X3D 16-Core Processor,2,5478,10357,2
928,AMD Ryzen 9 7950X3D 16-Core Processor,2,5477,10933,2
929,AMD Ryzen 9 7950X3D 16-Core Processor,12,5477,56267,12
930,AMD Ryzen 9 7950X3D 16-Core Processor,2,5477,10868,2
931,AMD Ryzen 9 7950X3D 16-Core Processor,4,5476,22295,4
932,AMD Ryzen 9 7950X3D 16-Core Processor,2,5475,10123,2
933,AMD Ryzen 9 7950X3D 16-Core Processor,2,5474,10637,2
934,AMD Ryzen 9 7950X3D 16-Core Processor,6,5474,33376,6
935,AMD Ryzen 9 7950X3D 16-Core Processor,2,5474,10919,2
936,AMD Ryzen 9 7950X3D 16-Core Processor,2,5473,10947,2
937,AMD Ryzen 9 7950X3D 16-Core Processor,6,5471,32213,6
938,AMD Ryzen 9 7950X3D 16-Core Processor,4,5470,22173,4
939,AMD Ryzen 9 7950X3D 16-Core Processor,8,5470,39101,8
940,AMD Ryzen 9 7950X3D 16-Core Processor,32,5469,3688,32
941,AMD Ryzen 9 7950X3D 16-Core Processor,12,5469,59601,12
942,AMD Ryzen 9 7950X3D 16-Core Processor,16,5468,74086,16
943,AMD Ryzen 9 7950X3D 16-Core Processor,32,5468,16215,32
944,AMD Ryzen 9 7950X3D 16-Core Processor,6,5468,31692,6
945,AMD Ryzen 9 7950X3D 16-Core Processor,2,5467,10716,2
946,AMD Ryzen 9 7950X3D 16-Core Processor,2,5467,10895,2
947,AMD Ryzen 9 7950X3D 16-Core Processor,8,5466,36403,8
948,AMD Ryzen 9 7950X3D 16-Core Processor,2,5464,10905,2
949,AMD Ryzen 9 7950X3D 16-Core Processor,12,5462,56622,12
950,AMD Ryzen 9 7950X3D 16-Core Processor,32,5461,14876,32
951,AMD Ryzen 9 7950X3D 16-Core Processor,12,5461,38197,12
952,AMD Ryzen 9 7950X3D 16-Core Processor,2,5461,10782,2
953,AMD Ryzen 9 7950X3D 16-Core Processor,16,5460,66558,16
954,AMD Ryzen 9 7950X3D 16-Core Processor,2,5460,10820,2
955,AMD Ryzen 9 7950X3D 16-Core Processor,6,5459,29688,6
956,AMD Ryzen 9 7950X3D 16-Core Processor,2,5459,10798,2
957,AMD Ryzen 9 7950X3D 16-Core Processor,32,5458,102289,32
958,AMD Ryzen 9 7950X3D 16-Core Processor,2,5457,10805,2
959,AMD Ryzen 9 7950X3D 16-Core Processor,16,5456,65647,16
960,AMD Ryzen 9 7950X3D 16-Core Processor,8,5456,36330,8
961,AMD Ryzen 9 7950X3D 16-Core Processor,2,5456,10934,2
962,AMD Ryzen 9 7950X3D 16-Core Processor,2,5455,10527,2
963,AMD Ryzen 9 7950X3D 16-Core Processor,16,5455,81328,16
964,AMD Ryzen 9 7950X3D 16-Core Processor,16,5454,65095,16
965,AMD Ryzen 9 7950X3D 16-Core Processor,16,5453,65752,16
966,AMD Ryzen 9 7950X3D 16-Core Processor,16,5453,65218,16
967,AMD Ryzen 9 7950X3D 16-Core Processor,2,5452,12082,2
968,AMD Ryzen 9 7950X3D 16-Core Processor,6,5449,32098,6
969,AMD Ryzen 9 7950X3D 16-Core Processor,32,5447,15166,32
970,AMD Ryzen 9 7950X3D 16-Core Processor,16,5446,76357,16
971,AMD Ryzen 9 7950X3D 16-Core Processor,2,5446,10700,2
972,AMD Ryzen 9 7950X3D 16-Core Processor,32,5445,14508,32
973,AMD Ryzen 9 7950X3D 16-Core Processor,2,5445,10756,2
974,AMD Ryzen 9 7950X3D 16-Core Processor,2,5444,8317,2
975,AMD Ryzen 9 7950X3D 16-Core Processor,2,5444,10404,2
976,AMD Ryzen 9 7950X3D 16-Core Processor,6,5442,32147,6
977,AMD Ryzen 9 7950X3D 16-Core Processor,2,5441,10825,2
978,AMD Ryzen 9 7950X3D 16-Core Processor,2,5441,10797,2
979,AMD Ryzen 9 7950X3D 16-Core Processor,32,5441,14094,32
980,AMD Ryzen 9 7950X3D 16-Core Processor,6,5441,31609,6
981,AMD Ryzen 9 7950X3D 16-Core Processor,8,5440,43866,8
982,AMD Ryzen 9 7950X3D 16-Core Processor,16,5440,65002,16
983,AMD Ryzen 9 7950X3D 16-Core Processor,2,5440,10725,2
984,AMD Ryzen 9 7950X3D 16-Core Processor,2,5439,10768,2
985,AMD Ryzen 9 7950X3D 16-Core Processor,6,5436,31932,6
986,AMD Ryzen 9 7950X3D 16-Core Processor,32,5436,4184,32
987,AMD Ryzen 9 7950X3D 16-Core Processor,16,5436,64040,16
988,AMD Ryzen 9 7950X3D 16-Core Processor,2,5434,11071,2
989,AMD Ryzen 9 7950X3D 16-Core Processor,32,5432,14373,32
990,AMD Ryzen 9 7950X3D 16-Core Processor,2,5432,10248,2
991,AMD Ryzen 9 7950X3D 16-Core Processor,12,5430,53542,12
992,AMD Ryzen 9 7950X3D 16-Core Processor,2,5429,10584,2
993,AMD Ryzen 9 7950X3D 16-Core Processor,8,5426,39636,8
994,AMD Ryzen 9 7950X3D 16-Core Processor,16,5426,87844,16
995,AMD Ryzen 9 7950X3D 16-Core Processor,8,5426,39757,8
996,AMD Ryzen 9 7950X3D 16-Core Processor,2,5425,10824,2
997,AMD Ryzen 9 7950X3D 16-Core Processor,2,5425,10561,2
998,AMD Ryzen 9 7950X3D 16-Core Processor,16,5425,63853,16
999,AMD Ryzen 9 7950X3D 16-Core Processor,2,5424,11003,2
1000,AMD Ryzen 9 7950X3D 16-Core Processor,2,5424,10682,2
1001,AMD Ryzen 9 7950X3D 16-Core Processor,2,5424,10750,2
1002,AMD Ryzen 9 7950X3D 16-Core Processor,4,5424,21263,4
1003,AMD Ryzen 9 7950X3D 16-Core Processor,2,5423,10899,2
1004,AMD Ryzen 9 7950X3D 16-Core Processor,8,5422,40984,8
1005,AMD Ryzen 9 7950X3D 16-Core Processor,4,5421,21144,4
1006,AMD Ryzen 9 7950X3D 16-Core Processor,2,5420,10775,2
1007,AMD Ryzen 9 7950X3D 16-Core Processor,2,5420,10781,2
1008,AMD Ryzen 9 7950X3D 16-Core Processor,2,5420,11413,2
1009,AMD Ryzen 9 7950X3D 16-Core Processor,2,5420,10682,2
1010,AMD Ryzen 9 7950X3D 16-Core Processor,32,5419,4071,32
1011,AMD Ryzen 9 7950X3D 16-Core Processor,6,5418,32013,6
1012,AMD Ryzen 9 7950X3D 16-Core Processor,2,5418,10917,2
1013,AMD Ryzen 9 7950X3D 16-Core Processor,6,5418,32507,6
1014,AMD Ryzen 9 7950X3D 16-Core Processor,2,5414,10675,2
1015,AMD Ryzen 9 7950X3D 16-Core Processor,2,5414,10380,2
1016,AMD Ryzen 9 7950X3D 16-Core Processor,6,5413,30826,6
1017,AMD Ryzen 9 7950X3D 16-Core Processor,3,5413,15986,3
1018,AMD Ryzen 9 7950X3D 16-Core Processor,16,5413,67528,16
1019,AMD Ryzen 9 7950X3D 16-Core Processor,3,5413,16574,3
1020,AMD Ryzen 9 7950X3D 16-Core Processor,6,5412,32210,6
1021,AMD Ryzen 9 7950X3D 16-Core Processor,4,5412,21880,4
1022,AMD Ryzen 9 7950X3D 16-Core Processor,2,5411,11076,2
1023,AMD Ryzen 9 7950X3D 16-Core Processor,8,5411,44307,8
1024,AMD Ryzen 9 7950X3D 16-Core Processor,2,5411,11097,2
1025,AMD Ryzen 9 7950X3D 16-Core Processor,2,5410,10876,2
1026,AMD Ryzen 9 7950X3D 16-Core Processor,2,5409,10650,2
1027,AMD Ryzen 9 7950X3D 16-Core Processor,2,5409,10069,2
1028,AMD Ryzen 9 7950X3D 16-Core Processor,16,5408,62007,16
1029,AMD Ryzen 9 7950X3D 16-Core Processor,2,5408,10710,2
1030,AMD Ryzen 9 7950X3D 16-Core Processor,12,5407,53833,12
1031,AMD Ryzen 9 7950X3D 16-Core Processor,4,5407,21154,4
1032,AMD Ryzen 9 7950X3D 16-Core Processor,2,5406,10850,2
1033,AMD Ryzen 9 7950X3D 16-Core Processor,32,5406,16563,32
1034,AMD Ryzen 9 7950X3D 16-Core Processor,8,5405,43134,8
1035,AMD Ryzen 9 7950X3D 16-Core Processor,2,5403,10442,2
1036,AMD Ryzen 9 7950X3D 16-Core Processor,2,5403,10462,2
1037,AMD Ryzen 9 7950X3D 16-Core Processor,8,5403,42140,8
1038,AMD Ryzen 9 7950X3D 16-Core Processor,16,5403,65799,16
1039,AMD Ryzen 9 7950X3D 16-Core Processor,6,5402,32764,6
1040,AMD Ryzen 9 7950X3D 16-Core Processor,2,5401,10717,2
1041,AMD Ryzen 9 7950X3D 16-Core Processor,8,5400,43168,8
1042,AMD Ryzen 9 7950X3D 16-Core Processor,16,5398,68833,16
1043,AMD Ryzen 9 7950X3D 16-Core Processor,2,5398,10611,2
1044,AMD Ryzen 9 7950X3D 16-Core Processor,2,5398,10502,2
1045,AMD Ryzen 9 7950X3D 16-Core Processor,16,5398,59723,16
1046,AMD Ryzen 9 7950X3D 16-Core Processor,2,5397,10707,2
1047,AMD Ryzen 9 7950X3D 16-Core Processor,2,5397,10506,2
1048,AMD Ryzen 9 7950X3D 16-Core Processor,2,5394,10843,2
1049,AMD Ryzen 9 7950X3D 16-Core Processor,2,5393,10752,2
1050,AMD Ryzen 9 7950X3D 16-Core Processor,2,5393,10947,2
1051,AMD Ryzen 9 7950X3D 16-Core Processor,8,5393,37236,8
1052,AMD Ryzen 9 7950X3D 16-Core Processor,16,5392,65457,16
1053,AMD Ryzen 9 7950X3D 16-Core Processor,4,5390,20719,4
1054,AMD Ryzen 9 7950X3D 16-Core Processor,2,5389,10060,2
1055,AMD Ryzen 9 7950X3D 16-Core Processor,3,5388,15144,3
1056,AMD Ryzen 9 7950X3D 16-Core Processor,2,5388,10704,2
1057,AMD Ryzen 9 7950X3D 16-Core Processor,6,5387,28851,6
1058,AMD Ryzen 9 7950X3D 16-Core Processor,10,5386,40095,10
1059,AMD Ryzen 9 7950X3D 16-Core Processor,4,5386,21475,4
1060,AMD Ryzen 9 7950X3D 16-Core Processor,32,5386,100613,32
1061,AMD Ryzen 9 7950X3D 16-Core Processor,2,5385,11618,2
1062,AMD Ryzen 9 7950X3D 16-Core Processor,2,5385,10904,2
1063,AMD Ryzen 9 7950X3D 16-Core Processor,3,5385,16719,3
1064,AMD Ryzen 9 7950X3D 16-Core Processor,32,5385,14371,32
1065,AMD Ryzen 9 7950X3D 16-Core Processor,16,5385,74202,16
1066,AMD Ryzen 9 7950X3D 16-Core Processor,4,5385,21468,4
1067,AMD Ryzen 9 7950X3D 16-Core Processor,4,5384,21165,4
1068,AMD Ryzen 9 7950X3D 16-Core Processor,6,5383,34169,6
1069,AMD Ryzen 9 7950X3D 16-Core Processor,8,5383,37838,8
1070,AMD Ryzen 9 7950X3D 16-Core Processor,6,5383,27328,6
1071,AMD Ryzen 9 7950X3D 16-Core Processor,6,5380,28438,6
1072,AMD Ryzen 9 7950X3D 16-Core Processor,4,5380,21207,4
1073,AMD Ryzen 9 7950X3D 16-Core Processor,16,5379,71108,16
1074,AMD Ryzen 9 7950X3D 16-Core Processor,32,5378,14016,32
1075,AMD Ryzen 9 7950X3D 16-Core Processor,6,5377,26997,6
1076,AMD Ryzen 9 7950X3D 16-Core Processor,32,5377,18578,32
1077,AMD Ryzen 9 7950X3D 16-Core Processor,2,5377,11051,2
1078,AMD Ryzen 9 7950X3D 16-Core Processor,2,5377,7233,2
1079,AMD Ryzen 9 7950X3D 16-Core Processor,2,5376,10766,2
1080,AMD Ryzen 9 7950X3D 16-Core Processor,2,5376,9723,2
1081,AMD Ryzen 9 7950X3D 16-Core Processor,4,5376,21592,4
1082,AMD Ryzen 9 7950X3D 16-Core Processor,6,5374,32084,6
1083,AMD Ryzen 9 7950X3D 16-Core Processor,4,5373,21368,4
1084,AMD Ryzen 9 7950X3D 16-Core Processor,4,5373,21428,4
1085,AMD Ryzen 9 7950X3D 16-Core Processor,2,5373,10268,2
1086,AMD Ryzen 9 7950X3D 16-Core Processor,3,5372,15547,3
1087,AMD Ryzen 9 7950X3D 16-Core Processor,4,5372,21031,4
1088,AMD Ryzen 9 7950X3D 16-Core Processor,2,5369,10318,2
1089,AMD Ryzen 9 7950X3D 16-Core Processor,2,5369,10757,2
1090,AMD Ryzen 9 7950X3D 16-Core Processor,8,5369,40932,8
1091,AMD Ryzen 9 7950X3D 16-Core Processor,2,5369,10441,2
1092,AMD Ryzen 9 7950X3D 16-Core Processor,4,5369,21462,4
1093,AMD Ryzen 9 7950X3D 16-Core Processor,2,5366,10700,2
1094,AMD Ryzen 9 7950X3D 16-Core Processor,4,5365,21168,4
1095,AMD Ryzen 9 7950X3D 16-Core Processor,8,5364,42663,8
1096,AMD Ryzen 9 7950X3D 16-Core Processor,2,5363,10670,2
1097,AMD Ryzen 9 7950X3D 16-Core Processor,6,5363,32098,6
1098,AMD Ryzen 9 7950X3D 16-Core Processor,16,5362,67111,16
1099,AMD Ryzen 9 7950X3D 16-Core Processor,2,5362,10720,2
1100,AMD Ryzen 9 7950X3D 16-Core Processor,16,5362,66502,16
1101,AMD Ryzen 9 7950X3D 16-Core Processor,4,5362,20830,4
1102,AMD Ryzen 9 7950X3D 16-Core Processor,32,5362,14493,32
1103,AMD Ryzen 9 7950X3D 16-Core Processor,16,5362,67790,16
1104,AMD Ryzen 9 7950X3D 16-Core Processor,2,5361,10707,2
1105,AMD Ryzen 9 7950X3D 16-Core Processor,4,5361,21343,4
1106,AMD Ryzen 9 7950X3D 16-Core Processor,2,5359,10452,2
1107,AMD Ryzen 9 7950X3D 16-Core Processor,4,5359,21401,4
1108,AMD Ryzen 9 7950X3D 16-Core Processor,8,5358,39395,8
1109,AMD Ryzen 9 7950X3D 16-Core Processor,8,5358,42575,8
1110,AMD Ryzen 9 7950X3D 16-Core Processor,4,5357,21212,4
1111,AMD Ryzen 9 7950X3D 16-Core Processor,4,5357,21374,4
1112,AMD Ryzen 9 7950X3D 16-Core Processor,2,5357,10412,2
1113,AMD Ryzen 9 7950X3D 16-Core Processor,2,5355,11067,2
1114,AMD Ryzen 9 7950X3D 16-Core Processor,4,5355,22186,4
1115,AMD Ryzen 9 7950X3D 16-Core Processor,32,5355,13808,32
1116,AMD Ryzen 9 7950X3D 16-Core Processor,16,5355,65541,16
1117,AMD Ryzen 9 7950X3D 16-Core Processor,6,5353,32231,6
1118,AMD Ryzen 9 7950X3D 16-Core Processor,2,5353,10461,2
1119,AMD Ryzen 9 7950X3D 16-Core Processor,16,5353,60336,16
1120,AMD Ryzen 9 7950X3D 16-Core Processor,4,5350,21407,4
1121,AMD Ryzen 9 7950X3D 16-Core Processor,4,5350,21246,4
1122,AMD Ryzen 9 7950X3D 16-Core Processor,8,5349,42652,8
1123,AMD Ryzen 9 7950X3D 16-Core Processor,2,5349,10661,2
1124,AMD Ryzen 9 7950X3D 16-Core Processor,2,5348,10662,2
1125,AMD Ryzen 9 7950X3D 16-Core Processor,4,5348,21212,4
1126,AMD Ryzen 9 7950X3D 16-Core Processor,2,5348,10658,2
1127,AMD Ryzen 9 7950X3D 16-Core Processor,4,5347,21169,4
1128,AMD Ryzen 9 7950X3D 16-Core Processor,8,5347,42041,8
1129,AMD Ryzen 9 7950X3D 16-Core Processor,4,5347,21402,4
1130,AMD Ryzen 9 7950X3D 16-Core Processor,2,5346,9879,2
1131,AMD Ryzen 9 7950X3D 16-Core Processor,8,5346,42359,8
1132,AMD Ryzen 9 7950X3D 16-Core Processor,3,5346,16160,3
1133,AMD Ryzen 9 7950X3D 16-Core Processor,8,5346,41662,8
1134,AMD Ryzen 9 7950X3D 16-Core Processor,2,5345,10354,2
1135,AMD Ryzen 9 7950X3D 16-Core Processor,2,5344,10680,2
1136,AMD Ryzen 9 7950X3D 16-Core Processor,16,5343,61957,16
1137,AMD Ryzen 9 7950X3D 16-Core Processor,2,5342,9763,2
1138,AMD Ryzen 9 7950X3D 16-Core Processor,6,5342,33571,6
1139,AMD Ryzen 9 7950X3D 16-Core Processor,2,5341,10537,2
1140,AMD Ryzen 9 7950X3D 16-Core Processor,4,5341,20777,4
1141,AMD Ryzen 9 7950X3D 16-Core Processor,2,5341,10654,2
1142,AMD Ryzen 9 7950X3D 16-Core Processor,2,5340,10596,2
1143,AMD Ryzen 9 7950X3D 16-Core Processor,8,5340,34480,8
1144,AMD Ryzen 9 7950X3D 16-Core Processor,2,5340,11093,2
1145,AMD Ryzen 9 7950X3D 16-Core Processor,2,5340,10769,2
1146,AMD Ryzen 9 7950X3D 16-Core Processor,2,5339,10491,2
1147,AMD Ryzen 9 7950X3D 16-Core Processor,2,5339,10782,2
1148,AMD Ryzen 9 7950X3D 16-Core Processor,2,5338,10600,2
1149,AMD Ryzen 9 7950X3D 16-Core Processor,32,5337,4682,32
1150,AMD Ryzen 9 7950X3D 16-Core Processor,8,5337,42479,8
1151,AMD Ryzen 9 7950X3D 16-Core Processor,8,5337,42226,8
1152,AMD Ryzen 9 7950X3D 16-Core Processor,2,5335,10526,2
1153,AMD Ryzen 9 7950X3D 16-Core Processor,2,5335,10415,2
1154,AMD Ryzen 9 7950X3D 16-Core Processor,2,5334,10255,2
1155,AMD Ryzen 9 7950X3D 16-Core Processor,6,5334,32304,6
1156,AMD Ryzen 9 7950X3D 16-Core Processor,4,5334,21150,4
1157,AMD Ryzen 9 7950X3D 16-Core Processor,4,5334,21081,4
1158,AMD Ryzen 9 7950X3D 16-Core Processor,32,5333,15628,32
1159,AMD Ryzen 9 7950X3D 16-Core Processor,4,5332,21203,4
1160,AMD Ryzen 9 7950X3D 16-Core Processor,2,5332,10691,2
1161,AMD Ryzen 9 7950X3D 16-Core Processor,16,5332,62108,16
1162,AMD Ryzen 9 7950X3D 16-Core Processor,4,5332,21186,4
1163,AMD Ryzen 9 7950X3D 16-Core Processor,6,5332,32746,6
1164,AMD Ryzen 9 7950X3D 16-Core Processor,4,5331,21413,4
1165,AMD Ryzen 9 7950X3D 16-Core Processor,2,5330,10514,2
1166,AMD Ryzen 9 7950X3D 16-Core Processor,2,5330,10611,2
1167,AMD Ryzen 9 7950X3D 16-Core Processor,2,5330,10677,2
1168,AMD Ryzen 9 7950X3D 16-Core Processor,2,5329,9452,2
1169,AMD Ryzen 9 7950X3D 16-Core Processor,2,5329,10641,2
1170,AMD Ryzen 9 7950X3D 16-Core Processor,2,5329,10522,2
1171,AMD Ryzen 9 7950X3D 16-Core Processor,4,5328,21050,4
1172,AMD Ryzen 9 7950X3D 16-Core Processor,32,5328,4507,32
1173,AMD Ryzen 9 7950X3D 16-Core Processor,2,5327,10456,2
1174,AMD Ryzen 9 7950X3D 16-Core Processor,2,5327,10576,2
1175,AMD Ryzen 9 7950X3D 16-Core Processor,16,5327,69396,16
1176,AMD Ryzen 9 7950X3D 16-Core Processor,2,5327,10252,2
1177,AMD Ryzen 9 7950X3D 16-Core Processor,2,5326,10637,2
1178,AMD Ryzen 9 7950X3D 16-Core Processor,6,5325,31471,6
1179,AMD Ryzen 9 7950X3D 16-Core Processor,2,5324,10315,2
1180,AMD Ryzen 9 7950X3D 16-Core Processor,2,5324,10684,2
1181,AMD Ryzen 9 7950X3D 16-Core Processor,32,5323,15140,32
1182,AMD Ryzen 9 7950X3D 16-Core Processor,32,5323,18617,32
1183,AMD Ryzen 9 7950X3D 16-Core Processor,4,5322,21242,4
1184,AMD Ryzen 9 7950X3D 16-Core Processor,2,5322,10534,2
1185,AMD Ryzen 9 7950X3D 16-Core Processor,2,5322,10490,2
1186,AMD Ryzen 9 7950X3D 16-Core Processor,4,5321,21232,4
1187,AMD Ryzen 9 7950X3D 16-Core Processor,2,5318,9730,2
1188,AMD Ryzen 9 7950X3D 16-Core Processor,2,5318,10547,2
1189,AMD Ryzen 9 7950X3D 16-Core Processor,2,5317,10754,2
1190,AMD Ryzen 9 7950X3D 16-Core Processor,8,5316,46118,8
1191,AMD Ryzen 9 7950X3D 16-Core Processor,2,5316,9973,2
1192,AMD Ryzen 9 7950X3D 16-Core Processor,2,5315,10591,2
1193,AMD Ryzen 9 7950X3D 16-Core Processor,4,5315,16470,4
1194,AMD Ryzen 9 7950X3D 16-Core Processor,6,5315,31823,6
1195,AMD Ryzen 9 7950X3D 16-Core Processor,4,5315,21228,4
1196,AMD Ryzen 9 7950X3D 16-Core Processor,2,5315,10696,2
1197,AMD Ryzen 9 7950X3D 16-Core Processor,32,5314,15215,32
1198,AMD Ryzen 9 7950X3D 16-Core Processor,32,5314,16042,32
1199,AMD Ryzen 9 7950X3D 16-Core Processor,2,5314,10592,2
1200,AMD Ryzen 9 7950X3D 16-Core Processor,2,5313,10524,2
1201,AMD Ryzen 9 7950X3D 16-Core Processor,2,5312,10709,2
1202,AMD Ryzen 9 7950X3D 16-Core Processor,2,5311,10497,2
1203,AMD Ryzen 9 7950X3D 16-Core Processor,16,5310,65424,16
1204,AMD Ryzen 9 7950X3D 16-Core Processor,2,5310,10463,2
1205,AMD Ryzen 9 7950X3D 16-Core Processor,4,5309,20676,4
1206,AMD Ryzen 9 7950X3D 16-Core Processor,4,5307,21005,4
1207,AMD Ryzen 9 7950X3D 16-Core Processor,2,5306,10765,2
1208,AMD Ryzen 9 7950X3D 16-Core Processor,2,5305,10613,2
1209,AMD Ryzen 9 7950X3D 16-Core Processor,4,5305,20582,4
1210,AMD Ryzen 9 7950X3D 16-Core Processor,2,5305,10407,2
1211,AMD Ryzen 9 7950X3D 16-Core Processor,4,5304,21082,4
1212,AMD Ryzen 9 7950X3D 16-Core Processor,16,5303,54713,16
1213,AMD Ryzen 9 7950X3D 16-Core Processor,4,5303,21425,4
1214,AMD Ryzen 9 7950X3D 16-Core Processor,2,5302,10813,2
1215,AMD Ryzen 9 7950X3D 16-Core Processor,16,5302,58978,16
1216,AMD Ryzen 9 7950X3D 16-Core Processor,2,5302,10624,2
1217,AMD Ryzen 9 7950X3D 16-Core Processor,2,5300,10405,2
1218,AMD Ryzen 9 7950X3D 16-Core Processor,16,5300,65885,16
1219,AMD Ryzen 9 7950X3D 16-Core Processor,2,5300,10561,2
1220,AMD Ryzen 9 7950X3D 16-Core Processor,2,5300,10749,2
1221,AMD Ryzen 9 7950X3D 16-Core Processor,2,5299,10990,2
1222,AMD Ryzen 9 7950X3D 16-Core Processor,2,5296,10627,2
1223,AMD Ryzen 9 7950X3D 16-Core Processor,2,5294,10291,2
1224,AMD Ryzen 9 7950X3D 16-Core Processor,2,5293,11013,2
1225,AMD Ryzen 9 7950X3D 16-Core Processor,4,5292,21028,4
1226,AMD Ryzen 9 7950X3D 16-Core Processor,4,5291,21263,4
1227,AMD Ryzen 9 7950X3D 16-Core Processor,2,5288,10065,2
1228,AMD Ryzen 9 7950X3D 16-Core Processor,32,5288,15744,32
1229,AMD Ryzen 9 7950X3D 16-Core Processor,2,5288,10481,2
1230,AMD Ryzen 9 7950X3D 16-Core Processor,2,5286,10569,2
1231,AMD Ryzen 9 7950X3D 16-Core Processor,4,5286,20420,4
1232,AMD Ryzen 9 7950X3D 16-Core Processor,2,5286,10635,2
1233,AMD Ryzen 9 7950X3D 16-Core Processor,4,5286,21076,4
1234,AMD Ryzen 9 7950X3D 16-Core Processor,4,5285,20599,4
1235,AMD Ryzen 9 7950X3D 16-Core Processor,8,5284,41573,8
1236,AMD Ryzen 9 7950X3D 16-Core Processor,2,5283,9924,2
1237,AMD Ryzen 9 7950X3D 16-Core Processor,2,5282,10743,2
1238,AMD Ryzen 9 7950X3D 16-Core Processor,32,5280,16468,32
1239,AMD Ryzen 9 7950X3D 16-Core Processor,8,5280,41199,8
1240,AMD Ryzen 9 7950X3D 16-Core Processor,2,5280,10696,2
1241,AMD Ryzen 9 7950X3D 16-Core Processor,2,5280,10469,2
1242,AMD Ryzen 9 7950X3D 16-Core Processor,16,5278,64291,16
1243,AMD Ryzen 9 7950X3D 16-Core Processor,32,5276,17257,32
1244,AMD Ryzen 9 7950X3D 16-Core Processor,8,5275,40447,8
1245,AMD Ryzen 9 7950X3D 16-Core Processor,6,5274,31472,6
1246,AMD Ryzen 9 7950X3D 16-Core Processor,4,5272,20534,4
1247,AMD Ryzen 9 7950X3D 16-Core Processor,2,5272,10313,2
1248,AMD Ryzen 9 7950X3D 16-Core Processor,4,5271,21228,4
1249,AMD Ryzen 9 7950X3D 16-Core Processor,2,5270,10683,2
1250,AMD Ryzen 9 7950X3D 16-Core Processor,4,5269,20400,4
1251,AMD Ryzen 9 7950X3D 16-Core Processor,8,5268,30034,8
1252,AMD Ryzen 9 7950X3D 16-Core Processor,8,5268,29726,8
1253,AMD Ryzen 9 7950X3D 16-Core Processor,4,5266,21476,4
1254,AMD Ryzen 9 7950X3D 16-Core Processor,2,5266,10581,2
1255,AMD Ryzen 9 7950X3D 16-Core Processor,2,5266,10334,2
1256,AMD Ryzen 9 7950X3D 16-Core Processor,6,5264,31467,6
1257,AMD Ryzen 9 7950X3D 16-Core Processor,8,5263,34533,8
1258,AMD Ryzen 9 7950X3D 16-Core Processor,2,5261,10369,2
1259,AMD Ryzen 9 7950X3D 16-Core Processor,8,5261,41140,8
1260,AMD Ryzen 9 7950X3D 16-Core Processor,4,5260,21101,4
1261,AMD Ryzen 9 7950X3D 16-Core Processor,2,5259,10294,2
1262,AMD Ryzen 9 7950X3D 16-Core Processor,4,5259,20882,4
1263,AMD Ryzen 9 7950X3D 16-Core Processor,16,5257,63040,16
1264,AMD Ryzen 9 7950X3D 16-Core Processor,2,5256,10546,2
1265,AMD Ryzen 9 7950X3D 16-Core Processor,2,5254,7682,2
1266,AMD Ryzen 9 7950X3D 16-Core Processor,2,5254,10782,2
1267,AMD Ryzen 9 7950X3D 16-Core Processor,2,5250,10448,2
1268,AMD Ryzen 9 7950X3D 16-Core Processor,2,5249,8626,2
1269,AMD Ryzen 9 7950X3D 16-Core Processor,32,5248,4176,32
1270,AMD Ryzen 9 7950X3D 16-Core Processor,8,5247,41730,8
1271,AMD Ryzen 9 7950X3D 16-Core Processor,2,5247,10412,2
1272,AMD Ryzen 9 7950X3D 16-Core Processor,32,5242,17395,32
1273,AMD Ryzen 9 7950X3D 16-Core Processor,2,5237,10610,2
1274,AMD Ryzen 9 7950X3D 16-Core Processor,2,5236,10606,2
1275,AMD Ryzen 9 7950X3D 16-Core Processor,16,5235,52380,16
1276,AMD Ryzen 9 7950X3D 16-Core Processor,10,5235,51716,10
1277,AMD Ryzen 9 7950X3D 16-Core Processor,8,5233,36137,8
1278,AMD Ryzen 9 7950X3D 16-Core Processor,2,5233,10619,2
1279,AMD Ryzen 9 7950X3D 16-Core Processor,4,5229,20330,4
1280,AMD Ryzen 9 7950X3D 16-Core Processor,2,5229,10398,2
1281,AMD Ryzen 9 7950X3D 16-Core Processor,2,5227,10203,2
1282,AMD Ryzen 9 7950X3D 16-Core Processor,8,5227,37003,8
1283,AMD Ryzen 9 7950X3D 16-Core Processor,2,5226,10660,2
1284,AMD Ryzen 9 7950X3D 16-Core Processor,8,5224,35937,8
1285,AMD Ryzen 9 7950X3D 16-Core Processor,2,5223,10448,2
1286,AMD Ryzen 9 7950X3D 16-Core Processor,16,5221,63146,16
1287,AMD Ryzen 9 7950X3D 16-Core Processor,2,5220,10488,2
1288,AMD Ryzen 9 7950X3D 16-Core Processor,2,5220,10135,2
1289,AMD Ryzen 9 7950X3D 16-Core Processor,2,5213,10097,2
1290,AMD Ryzen 9 7950X3D 16-Core Processor,2,5213,10303,2
1291,AMD Ryzen 9 7950X3D 16-Core Processor,8,5212,40810,8
1292,AMD Ryzen 9 7950X3D 16-Core Processor,2,5211,10489,2
1293,AMD Ryzen 9 7950X3D 16-Core Processor,8,5211,36727,8
1294,AMD Ryzen 9 7950X3D 16-Core Processor,8,5210,36698,8
1295,AMD Ryzen 9 7950X3D 16-Core Processor,2,5208,10510,2
1296,AMD Ryzen 9 7950X3D 16-Core Processor,2,5207,10053,2
1297,AMD Ryzen 9 7950X3D 16-Core Processor,2,5207,10363,2
1298,AMD Ryzen 9 7950X3D 16-Core Processor,2,5207,10412,2
1299,AMD Ryzen 9 7950X3D 16-Core Processor,2,5206,10439,2
1300,AMD Ryzen 9 7950X3D 16-Core Processor,2,5203,10141,2
1301,AMD Ryzen 9 7950X3D 16-Core Processor,6,5203,29562,6
1302,AMD Ryzen 9 7950X3D 16-Core Processor,8,5202,35945,8
1303,AMD Ryzen 9 7950X3D 16-Core Processor,2,5201,10175,2
1304,AMD Ryzen 9 7950X3D 16-Core Processor,4,5200,20623,4
1305,AMD Ryzen 9 7950X3D 16-Core Processor,32,5197,16669,32
1306,AMD Ryzen 9 7950X3D 16-Core Processor,16,5196,30831,16
1307,AMD Ryzen 9 7950X3D 16-Core Processor,2,5195,7004,2
1308,AMD Ryzen 9 7950X3D 16-Core Processor,2,5194,10229,2
1309,AMD Ryzen 9 7950X3D 16-Core Processor,32,5193,16740,32
1310,AMD Ryzen 9 7950X3D 16-Core Processor,2,5191,9564,2
1311,AMD Ryzen 9 7950X3D 16-Core Processor,6,5189,28467,6
1312,AMD Ryzen 9 7950X3D 16-Core Processor,2,5188,10321,2
1313,AMD Ryzen 9 7950X3D 16-Core Processor,2,5185,10031,2
1314,AMD Ryzen 9 7950X3D 16-Core Processor,2,5184,10262,2
1315,AMD Ryzen 9 7950X3D 16-Core Processor,2,5181,10546,2
1316,AMD Ryzen 9 7950X3D 16-Core Processor,2,5180,10145,2
1317,AMD Ryzen 9 7950X3D 16-Core Processor,4,5180,19645,4
1318,AMD Ryzen 9 7950X3D 16-Core Processor,5,5177,25899,5
1319,AMD Ryzen 9 7950X3D 16-Core Processor,2,5175,10115,2
1320,AMD Ryzen 9 7950X3D 16-Core Processor,10,5175,47200,10
1321,AMD Ryzen 9 7950X3D 16-Core Processor,16,5174,49815,16
1322,AMD Ryzen 9 7950X3D 16-Core Processor,2,5174,9963,2
1323,AMD Ryzen 9 7950X3D 16-Core Processor,2,5172,10052,2
1324,AMD Ryzen 9 7950X3D 16-Core Processor,4,5167,19698,4
1325,AMD Ryzen 9 7950X3D 16-Core Processor,2,5166,10325,2
1326,AMD Ryzen 9 7950X3D 16-Core Processor,2,5166,10078,2
1327,AMD Ryzen 9 7950X3D 16-Core Processor,8,5163,35431,8
1328,AMD Ryzen 9 7950X3D 16-Core Processor,2,5163,10553,2
1329,AMD Ryzen 9 7950X3D 16-Core Processor,2,5163,10129,2
1330,AMD Ryzen 9 7950X3D 16-Core Processor,8,5162,40423,8
1331,AMD Ryzen 9 7950X3D 16-Core Processor,6,5160,28065,6
1332,AMD Ryzen 9 7950X3D 16-Core Processor,16,5159,42648,16
1333,AMD Ryzen 9 7950X3D 16-Core Processor,4,5157,19363,4
1334,AMD Ryzen 9 7950X3D 16-Core Processor,2,5156,10166,2
1335,AMD Ryzen 9 7950X3D 16-Core Processor,2,5152,9456,2
1336,AMD Ryzen 9 7950X3D 16-Core Processor,32,5151,17153,32
1337,AMD Ryzen 9 7950X3D 16-Core Processor,16,5148,58687,16
1338,AMD Ryzen 9 7950X3D 16-Core Processor,16,5142,74759,16
1339,AMD Ryzen 9 7950X3D 16-Core Processor,32,5141,4827,32
1340,AMD Ryzen 9 7950X3D 16-Core Processor,2,5139,9461,2
1341,AMD Ryzen 9 7950X3D 16-Core Processor,4,5138,18615,4
1342,AMD Ryzen 9 7950X3D 16-Core Processor,2,5138,7335,2
1343,AMD Ryzen 9 7950X3D 16-Core Processor,2,5130,9793,2
1344,AMD Ryzen 9 7950X3D 16-Core Processor,16,5129,75050,16
1345,AMD Ryzen 9 7950X3D 16-Core Processor,2,5127,10013,2
1346,AMD Ryzen 9 7950X3D 16-Core Processor,6,5122,30846,6
1347,AMD Ryzen 9 7950X3D 16-Core Processor,2,5120,9751,2
1348,AMD Ryzen 9 7950X3D 16-Core Processor,6,5117,28591,6
1349,AMD Ryzen 9 7950X3D 16-Core Processor,16,5117,36893,16
1350,AMD Ryzen 9 7950X3D 16-Core Processor,6,5114,31415,6
1351,AMD Ryzen 9 7950X3D 16-Core Processor,6,5111,27591,6
1352,AMD Ryzen 9 7950X3D 16-Core Processor,2,5108,10467,2
1353,AMD Ryzen 9 7950X3D 16-Core Processor,6,5106,28371,6
1354,AMD Ryzen 9 7950X3D 16-Core Processor,2,5101,9964,2
1355,AMD Ryzen 9 7950X3D 16-Core Processor,4,5101,20387,4
1356,AMD Ryzen 9 7950X3D 16-Core Processor,16,5099,38726,16
1357,AMD Ryzen 9 7950X3D 16-Core Processor,2,5097,9939,2
1358,AMD Ryzen 9 7950X3D 16-Core Processor,2,5096,10154,2
1359,AMD Ryzen 9 7950X3D 16-Core Processor,2,5096,10155,2
1360,AMD Ryzen 9 7950X3D 16-Core Processor,2,5095,9765,2
1361,AMD Ryzen 9 7950X3D 16-Core Processor,2,5094,9828,2
1362,AMD Ryzen 9 7950X3D 16-Core Processor,4,5092,20119,4
1363,AMD Ryzen 9 7950X3D 16-Core Processor,16,5092,74567,16
1364,AMD Ryzen 9 7950X3D 16-Core Processor,16,5091,46609,16
1365,AMD Ryzen 9 7950X3D 16-Core Processor,2,5091,9890,2
1366,AMD Ryzen 9 7950X3D 16-Core Processor,2,5091,10090,2
1367,AMD Ryzen 9 7950X3D 16-Core Processor,2,5088,10217,2
1368,AMD Ryzen 9 7950X3D 16-Core Processor,4,5086,18520,4
1369,AMD Ryzen 9 7950X3D 16-Core Processor,2,5086,10420,2
1370,AMD Ryzen 9 7950X3D 16-Core Processor,4,5083,19764,4
1371,AMD Ryzen 9 7950X3D 16-Core Processor,2,5082,10171,2
1372,AMD Ryzen 9 7950X3D 16-Core Processor,4,5076,19972,4
1373,AMD Ryzen 9 7950X3D 16-Core Processor,4,5072,15574,4
1374,AMD Ryzen 9 7950X3D 16-Core Processor,8,5066,32171,8
1375,AMD Ryzen 9 7950X3D 16-Core Processor,6,5062,29808,6
1376,AMD Ryzen 9 7950X3D 16-Core Processor,8,5060,34702,8
1377,AMD Ryzen 9 7950X3D 16-Core Processor,16,5059,46956,16
1378,AMD Ryzen 9 7950X3D 16-Core Processor,2,5057,9492,2
1379,AMD Ryzen 9 7950X3D 16-Core Processor,2,5056,10159,2
1380,AMD Ryzen 9 7950X3D 16-Core Processor,2,5055,9975,2
1381,AMD Ryzen 9 7950X3D 16-Core Processor,2,5054,10142,2
1382,AMD Ryzen 9 7950X3D 16-Core Processor,2,5054,10100,2
1383,AMD Ryzen 9 7950X3D 16-Core Processor,2,5054,10068,2
1384,AMD Ryzen 9 7950X3D 16-Core Processor,2,5051,10216,2
1385,AMD Ryzen 9 7950X3D 16-Core Processor,2,5051,9948,2
1386,AMD Ryzen 9 7950X3D 16-Core Processor,16,5050,60694,16
1387,AMD Ryzen 9 7950X3D 16-Core Processor,16,5049,55903,16
1388,AMD Ryzen 9 7950X3D 16-Core Processor,16,5047,41065,16
1389,AMD Ryzen 9 7950X3D 16-Core Processor,2,5044,10081,2
1390,AMD Ryzen 9 7950X3D 16-Core Processor,2,5044,9955,2
1391,AMD Ryzen 9 7950X3D 16-Core Processor,32,5040,17852,32
1392,AMD Ryzen 9 7950X3D 16-Core Processor,3,5039,14765,3
1393,AMD Ryzen 9 7950X3D 16-Core Processor,16,5039,56033,16
1394,AMD Ryzen 9 7950X3D 16-Core Processor,2,5036,9838,2
1395,AMD Ryzen 9 7950X3D 16-Core Processor,2,5034,9687,2
1396,AMD Ryzen 9 7950X3D 16-Core Processor,32,5032,17953,32
1397,AMD Ryzen 9 7950X3D 16-Core Processor,2,5032,9240,2
1398,AMD Ryzen 9 7950X3D 16-Core Processor,6,5029,29688,6
1399,AMD Ryzen 9 7950X3D 16-Core Processor,2,5029,9770,2
1400,AMD Ryzen 9 7950X3D 16-Core Processor,4,5026,19946,4
1401,AMD Ryzen 9 7950X3D 16-Core Processor,12,5025,38877,12
1402,AMD Ryzen 9 7950X3D 16-Core Processor,2,5022,9761,2
1403,AMD Ryzen 9 7950X3D 16-Core Processor,4,5021,18671,4
1404,AMD Ryzen 9 7950X3D 16-Core Processor,3,5019,13742,3
1405,AMD Ryzen 9 7950X3D 16-Core Processor,2,5017,8195,2
1406,AMD Ryzen 9 7950X3D 16-Core Processor,4,5016,17215,4
1407,AMD Ryzen 9 7950X3D 16-Core Processor,4,5015,15718,4
1408,AMD Ryzen 9 7950X3D 16-Core Processor,10,5014,45551,10
1409,AMD Ryzen 9 7950X3D 16-Core Processor,2,5013,9201,2
1410,AMD Ryzen 9 7950X3D 16-Core Processor,2,5012,9811,2
1411,AMD Ryzen 9 7950X3D 16-Core Processor,2,5008,9731,2
1412,AMD Ryzen 9 7950X3D 16-Core Processor,2,5006,9798,2
1413,AMD Ryzen 9 7950X3D 16-Core Processor,2,5005,9798,2
1414,AMD Ryzen 9 7950X3D 16-Core Processor,2,5003,9748,2
1415,AMD Ryzen 9 7950X3D 16-Core Processor,2,4999,9685,2
1416,AMD Ryzen 9 7950X3D 16-Core Processor,2,4998,9604,2
1417,AMD Ryzen 9 7950X3D 16-Core Processor,2,4994,9992,2
1418,AMD Ryzen 9 7950X3D 16-Core Processor,2,4993,9919,2
1419,AMD Ryzen 9 7950X3D 16-Core Processor,2,4987,10091,2
1420,AMD Ryzen 9 7950X3D 16-Core Processor,4,4979,19408,4
1421,AMD Ryzen 9 7950X3D 16-Core Processor,4,4978,16642,4
1422,AMD Ryzen 9 7950X3D 16-Core Processor,2,4972,9958,2
1423,AMD Ryzen 9 7950X3D 16-Core Processor,2,4967,9833,2
1424,AMD Ryzen 9 7950X3D 16-Core Processor,4,4964,19328,4
1425,AMD Ryzen 9 7950X3D 16-Core Processor,2,4961,8471,2
1426,AMD Ryzen 9 7950X3D 16-Core Processor,32,4956,17729,32
1427,AMD Ryzen 9 7950X3D 16-Core Processor,2,4953,8921,2
1428,AMD Ryzen 9 7950X3D 16-Core Processor,4,4949,19125,4
1429,AMD Ryzen 9 7950X3D 16-Core Processor,8,4949,30322,8
1430,AMD Ryzen 9 7950X3D 16-Core Processor,8,4943,30097,8
1431,AMD Ryzen 9 7950X3D 16-Core Processor,16,4942,35111,16
1432,AMD Ryzen 9 7950X3D 16-Core Processor,2,4940,9720,2
1433,AMD Ryzen 9 7950X3D 16-Core Processor,2,4938,9797,2
1434,AMD Ryzen 9 7950X3D 16-Core Processor,2,4938,9798,2
1435,AMD Ryzen 9 7950X3D 16-Core Processor,4,4930,14850,4
1436,AMD Ryzen 9 7950X3D 16-Core Processor,2,4928,9753,2
1437,AMD Ryzen 9 7950X3D 16-Core Processor,4,4921,18964,4
1438,AMD Ryzen 9 7950X3D 16-Core Processor,2,4918,9604,2
1439,AMD Ryzen 9 7950X3D 16-Core Processor,8,4911,28371,8
1440,AMD Ryzen 9 7950X3D 16-Core Processor,2,4909,10115,2
1441,AMD Ryzen 9 7950X3D 16-Core Processor,16,4905,50885,16
1442,AMD Ryzen 9 7950X3D 16-Core Processor,4,4902,18994,4
1443,AMD Ryzen 9 7950X3D 16-Core Processor,2,4900,5241,2
1444,AMD Ryzen 9 7950X3D 16-Core Processor,16,4897,34529,16
1445,AMD Ryzen 9 7950X3D 16-Core Processor,4,4897,13610,4
1446,AMD Ryzen 9 7950X3D 16-Core Processor,2,4894,8360,2
1447,AMD Ryzen 9 7950X3D 16-Core Processor,2,4891,9121,2
1448,AMD Ryzen 9 7950X3D 16-Core Processor,2,4888,8843,2
1449,AMD Ryzen 9 7950X3D 16-Core Processor,2,4886,9716,2
1450,AMD Ryzen 9 7950X3D 16-Core Processor,4,4876,17118,4
1451,AMD Ryzen 9 7950X3D 16-Core Processor,2,4872,9265,2
1452,AMD Ryzen 9 7950X3D 16-Core Processor,2,4864,6736,2
1453,AMD Ryzen 9 7950X3D 16-Core Processor,3,4861,11059,3
1454,AMD Ryzen 9 7950X3D 16-Core Processor,6,4849,29815,6
1455,AMD Ryzen 9 7950X3D 16-Core Processor,2,4846,9710,2
1456,AMD Ryzen 9 7950X3D 16-Core Processor,4,4845,17729,4
1457,AMD Ryzen 9 7950X3D 16-Core Processor,2,4814,9967,2
1458,AMD Ryzen 9 7950X3D 16-Core Processor,2,4808,7940,2
1459,AMD Ryzen 9 7950X3D 16-Core Processor,2,4795,9504,2
1460,AMD Ryzen 9 7950X3D 16-Core Processor,10,4786,39329,10
1461,AMD Ryzen 9 7950X3D 16-Core Processor,2,4766,9184,2
1462,AMD Ryzen 9 7950X3D 16-Core Processor,2,4765,10090,2
1463,AMD Ryzen 9 7950X3D 16-Core Processor,2,4760,8241,2
1464,AMD Ryzen 9 7950X3D 16-Core Processor,2,4754,7924,2
1465,AMD Ryzen 9 7950X3D 16-Core Processor,16,4738,50541,16
1466,AMD Ryzen 9 7950X3D 16-Core Processor,4,4737,17229,4
1467,AMD Ryzen 9 7950X3D 16-Core Processor,4,4722,21415,4
1468,AMD Ryzen 9 7950X3D 16-Core Processor,16,4721,49248,16
1469,AMD Ryzen 9 7950X3D 16-Core Processor,2,4698,8819,2
1470,AMD Ryzen 9 7950X3D 16-Core Processor,2,4687,8626,2
1471,AMD Ryzen 9 7950X3D 16-Core Processor,16,4676,57034,16
1472,AMD Ryzen 9 7950X3D 16-Core Processor,8,4661,37299,8
1473,AMD Ryzen 9 7950X3D 16-Core Processor,3,4654,13663,3
1474,AMD Ryzen 9 7950X3D 16-Core Processor,2,4649,9999,2
1475,AMD Ryzen 9 7950X3D 16-Core Processor,8,4647,37143,8
1476,AMD Ryzen 9 7950X3D 16-Core Processor,2,4645,8445,2
1477,AMD Ryzen 9 7950X3D 16-Core Processor,8,4626,36415,8
1478,AMD Ryzen 9 7950X3D 16-Core Processor,8,4626,36415,8
1479,AMD Ryzen 9 7950X3D 16-Core Processor,2,4609,8841,2
1480,AMD Ryzen 9 7950X3D 16-Core Processor,2,4601,8946,2
1481,AMD Ryzen 9 7950X3D 16-Core Processor,2,4599,9402,2
1482,AMD Ryzen 9 7950X3D 16-Core Processor,8,4589,36461,8
1483,AMD Ryzen 9 7950X3D 16-Core Processor,2,4581,7260,2
1484,AMD Ryzen 9 7950X3D 16-Core Processor,32,4576,4526,32
1485,AMD Ryzen 9 7950X3D 16-Core Processor,8,4555,37155,8
1486,AMD Ryzen 9 7950X3D 16-Core Processor,2,4520,8454,2
1487,AMD Ryzen 9 7950X3D 16-Core Processor,8,4507,35480,8
1488,AMD Ryzen 9 7950X3D 16-Core Processor,8,4484,35298,8
1489,AMD Ryzen 9 7950X3D 16-Core Processor,8,4482,34537,8
1490,AMD Ryzen 9 7950X3D 16-Core Processor,8,4467,34479,8
1491,AMD Ryzen 9 7950X3D 16-Core Processor,8,4465,33394,8
1492,AMD Ryzen 9 7950X3D 16-Core Processor,8,4462,34288,8
1493,AMD Ryzen 9 7950X3D 16-Core Processor,8,4375,21410,8
1494,AMD Ryzen 9 7950X3D 16-Core Processor,2,4280,9866,2
1495,AMD Ryzen 9 7950X3D 16-Core Processor,8,4247,22462,8
1496,AMD Ryzen 9 7950X3D 16-Core Processor,2,4211,8712,2
1497,AMD Ryzen 9 7950X3D 16-Core Processor,2,4184,8639,2
1498,AMD Ryzen 9 7950X3D 16-Core Processor,8,4159,35410,8
1499,AMD Ryzen 9 7950X3D 16-Core Processor,8,4140,30696,8
1500,AMD Ryzen 9 7950X3D 16-Core Processor,8,4131,24727,8
1501,AMD Ryzen 9 7950X3D 16-Core Processor,2,4097,8794,2
1502,AMD Ryzen 9 7950X3D 16-Core Processor,8,4092,9840,8
1503,AMD Ryzen 9 7950X3D 16-Core Processor,8,4048,7704,8
1504,AMD Ryzen 9 7950X3D 16-Core Processor,8,4045,25271,8
1505,AMD Ryzen 9 7950X3D 16-Core Processor,2,4026,7202,2
1506,AMD Ryzen 9 7950X3D 16-Core Processor,8,4016,31129,8
1507,AMD Ryzen 9 7950X3D 16-Core Processor,8,3985,22570,8
1508,AMD Ryzen 9 7950X3D 16-Core Processor,8,3893,24097,8
1509,AMD Ryzen 9 7950X3D 16-Core Processor,1,3871,3826,4
1510,AMD Ryzen 9 7950X3D 16-Core Processor,2,3769,6729,2
1511,AMD Ryzen 9 7950X3D 16-Core Processor,8,3761,27920,8
1512,AMD Ryzen 9 7950X3D 16-Core Processor,1,3641,3650,4
1513,AMD Ryzen 9 7950X3D 16-Core Processor,2,3085,3634,2
1514,AMD Ryzen 9 7950X3D 16-Core Processor,6,2793,11099,6
1515,AMD Ryzen 9 7950X3D 16-Core Processor,2,2239,7151,2
1516,AMD Ryzen 9 7950X3D 16-Core Processor,1,1473,1471,2
1517,AMD Ryzen 9 7950X3D 16-Core Processor,1,1399,1245,2
1518,AMD Ryzen 9 7950X3D 16-Core Processor,1,1370,1382,4
1519,AMD Ryzen 9 7950X3D 16-Core Processor,1,1354,1357,4
1520,AMD Ryzen 9 7950X3D 16-Core Processor,1,1341,1339,4
1521,AMD Ryzen 9 7950X3D 16-Core Processor,4,1331,1322,4
1522,AMD Ryzen 9 7950X3D 16-Core Processor,1,1331,1332,4
1523,AMD Ryzen 9 7950X3D 16-Core Processor,1,1313,1326,4
1524,AMD Ryzen 9 7950X3D 16-Core Processor,1,1301,1338,4
1525,AMD Ryzen 9 7950X3D 16-Core Processor,1,1298,1299,4
1526,AMD Ryzen 9 7950X3D 16-Core Processor,32,1226,3832,32
1527,AMD Ryzen 9 7950X3D 16-Core Processor,1,1157,1107,4
1528,AMD Ryzen 9 7950X3D 16-Core Processor,1,966,1079,4
1529,AMD Ryzen 9 7950X3D 16-Core Processor,4,521,1856,4
1530,AMD Ryzen 9 7950X3D 16-Core Processor,4,520,1814,4
1531,AMD Ryzen 9 7950X3D 16-Core Processor,2,352,347,2
